-- phpMyAdmin SQL Dump
-- version 4.4.15.7
-- http://www.phpmyadmin.net
--
-- Client :  fynsnetmbc15951.mysql.db
-- Généré le :  Mar 06 Septembre 2016 à 22:00
-- Version du serveur :  5.5.46-0+deb7u1-log
-- Version de PHP :  5.4.45-0+deb7u4

SET SQL_MODE = "NO_AUTO_VALUE_ON_ZERO";
SET time_zone = "+00:00";


/*!40101 SET @OLD_CHARACTER_SET_CLIENT=@@CHARACTER_SET_CLIENT */;
/*!40101 SET @OLD_CHARACTER_SET_RESULTS=@@CHARACTER_SET_RESULTS */;
/*!40101 SET @OLD_COLLATION_CONNECTION=@@COLLATION_CONNECTION */;
/*!40101 SET NAMES utf8mb4 */;

--
-- Base de données :  `fynsnetmbc15951`
--

-- --------------------------------------------------------

--
-- Structure de la table `membres`
--

CREATE TABLE IF NOT EXISTS `membres` (
  `id` int(11) unsigned NOT NULL,
  `pseudo` varchar(15) NOT NULL,
  `pass` varchar(255) NOT NULL,
  `email` varchar(255) NOT NULL,
  `date_inscription` date NOT NULL
) ENGINE=InnoDB AUTO_INCREMENT=25 DEFAULT CHARSET=latin1;

--
-- Contenu de la table `membres`
--

INSERT INTO `membres` (`id`, `pseudo`, `pass`, `email`, `date_inscription`) VALUES
(1, 'Eric', '9235afd3e98802411861a961aa9cf61e90c1c977', 'eric.delavarende@gmail.com', '2014-12-29'),
(2, 'Anne-Laure', '379477043d2167554e69863511117aa185fa3ffb', 'aldelavarende4@gmail.com', '2015-06-25'),
(3, 'Eric3', '9235afd3e98802411861a961aa9cf61e90c1c977', 'eric.delavarende@gmail.com', '2015-06-29'),
(4, 'Eric6', '9235afd3e98802411861a961aa9cf61e90c1c977', 'eric.delavarende@gmail.com', '2015-06-29'),
(5, 'Eric5', '9235afd3e98802411861a961aa9cf61e90c1c977', 'eric.delavarende@gmail.com', '2015-07-18'),
(6, 'Ydr ', '03c342a614e0fb0e7b273bb21c094392f520ac28', 'ysounet@hotmail.com', '2015-07-19'),
(7, 'Eric8', '9235afd3e98802411861a961aa9cf61e90c1c977', 'eric.delavarende@gmail.com', '2015-07-19'),
(8, 'BIGCARLOS24', 'afbca7be2cdcb23b73279f85de6e9395893a503d', 'charles.portalier@gmail.com', '2015-08-18'),
(9, 'Dino33', 'f4b2de3819478dd12ba3d42bf1a85ccabcb428f5', 'amandine.rauscher@edhec.com', '2015-08-19'),
(10, 'Fastchap', 'e429a65ae34f559ab18ca1ac54c77c76ed797634', 'pierre.chapuis1@gmail.com', '2015-08-19'),
(11, 'marenczy', 'b3d2c8259a5f91a6176498b3f75dea3fe8abba91', 'arthur.marenco@gmail.com', '2015-08-19'),
(12, 'Barb', 'c3c3f852060f80c4a544679a02bf5c56650dfb72', 'barbara.cesarlevy@edhec.com', '2015-08-19'),
(13, 'Vince', '517f698d743e87319012c64dd8f3f794614e3cd1', 'vincent.vannoote@gmail.com', '2015-08-19'),
(14, 'Eric7', '9235afd3e98802411861a961aa9cf61e90c1c977', 'eric.delavarende@gmail.com', '2015-08-20'),
(15, 'Barbz', '338fbd62cc9e0bc6cf52217584399133e5d0a431', 'tbarbierdechalais@gmail.com', '2015-08-21'),
(16, 'baudinou', 'bf3dc99706ac5b1f202354d683cb312aedd7d463', 'bdelavarende@gmail.com', '2015-08-21'),
(17, 'Tonio', '24e89ce6bc7e49fc812571e3a38fcc20b3146359', 'acourault@orange.fr', '2015-08-21'),
(18, 'Aude', 'f0dc3d58a20169962d0caf18f9a36464bfb8f130', 'aude.salathe@gmail.com', '2015-08-22'),
(19, 'EtienneD', '787c1ea182293b172502f8ac4871a9ff392ec905', 'etienne967@hotmail.com', '2015-08-23'),
(20, 'guiguicoco', 'dc606e7b9c891a7fbf3194dca49dc4c6c41927a3', 'collinguillaume@gmail.com', '2015-08-23'),
(21, 'lespleen', '6227517288824506ed0214e15c2b55c3dd2f6b32', 'francois.zannotti@hotmail.fr', '2015-09-08'),
(22, 'Popo92', '0c58da9d57a01ee0b7201bd15c95a8345e3dee71', 'poline92@hotmail.fr', '2015-09-10'),
(23, 'PaulineL', '211680bf300a390ee3c02d4bbc49e55b4fd58ea4', 'z35k53z7@gmail.com', '2015-09-23'),
(24, 'CDS', 'da7dd17269675e6648b2de3690262d0e18b89cca', 'claire.dalsoglio@gmail.com', '2015-12-27');

-- --------------------------------------------------------

--
-- Structure de la table `membres_series`
--

CREATE TABLE IF NOT EXISTS `membres_series` (
  `membres_id` int(11) unsigned NOT NULL DEFAULT '0',
  `series_id` int(7) unsigned NOT NULL DEFAULT '0',
  `note` decimal(3,2) DEFAULT NULL,
  `date_ajout` datetime NOT NULL
) ENGINE=InnoDB DEFAULT CHARSET=latin1;

--
-- Contenu de la table `membres_series`
--

INSERT INTO `membres_series` (`membres_id`, `series_id`, `note`, `date_ajout`) VALUES
(1, 72108, 3.00, '2015-06-29 00:00:00'),
(1, 72546, 3.10, '2015-07-02 00:00:00'),
(1, 73696, 2.30, '2015-06-29 00:00:00'),
(1, 74543, 4.40, '2015-08-22 00:00:00'),
(1, 75340, 4.10, '2015-06-25 00:00:00'),
(1, 75682, 4.40, '2015-06-29 00:00:00'),
(1, 75930, 4.00, '2015-08-22 00:00:00'),
(1, 76203, 4.20, '2015-07-20 00:00:00'),
(1, 76290, 4.00, '2015-08-22 00:00:00'),
(1, 78310, 3.30, '2015-07-03 00:00:00'),
(1, 79349, 4.10, '2015-08-22 00:00:00'),
(1, 79509, 3.40, '2015-08-22 00:00:00'),
(1, 80349, 3.80, '2015-08-22 00:00:00'),
(1, 80547, 1.40, '2015-08-22 00:00:00'),
(1, 81189, 4.80, '2015-06-24 00:00:00'),
(1, 82046, 2.00, '2015-08-22 00:00:00'),
(1, 82716, 1.90, '2015-08-22 00:00:00'),
(1, 83462, 3.70, '2015-06-30 00:00:00'),
(1, 94571, 4.80, '2015-06-24 00:00:00'),
(1, 121361, 4.40, '2015-06-24 00:00:00'),
(1, 134241, 4.30, '2015-06-24 00:00:00'),
(1, 134511, 4.60, '2015-08-22 00:00:00'),
(1, 153021, 4.50, '2015-06-24 00:00:00'),
(1, 161511, 4.40, '2015-06-24 00:00:00'),
(1, 193131, 3.60, '2015-08-22 00:00:00'),
(1, 205281, 2.60, '2015-08-22 00:00:00'),
(1, 247897, 3.70, '2015-08-22 00:00:00'),
(1, 248646, 1.20, '2015-08-22 00:00:00'),
(1, 248741, 2.90, '2015-08-22 00:00:00'),
(1, 248835, 2.80, '2015-06-25 00:00:00'),
(1, 249882, 2.30, '2015-08-22 00:00:00'),
(1, 255316, 3.10, '2015-08-22 00:00:00'),
(1, 257655, 2.50, '2015-08-22 00:00:00'),
(1, 258171, 2.20, '2015-08-22 00:00:00'),
(1, 259765, 4.20, '2015-08-20 00:00:00'),
(1, 260338, 3.50, '2015-08-22 00:00:00'),
(1, 262414, 1.60, '2015-08-22 00:00:00'),
(1, 265912, 2.60, '2015-08-22 00:00:00'),
(1, 269613, 4.30, '2015-08-22 00:00:00'),
(1, 269642, 3.10, '2015-08-22 00:00:00'),
(1, 272644, 3.20, '2015-08-22 00:00:00'),
(1, 273181, 4.30, '2015-08-22 00:00:00'),
(2, 72546, 4.00, '2015-06-25 00:00:00'),
(2, 73696, 3.50, '2015-06-25 00:00:00'),
(2, 75682, 3.50, '2015-06-25 00:00:00'),
(2, 78310, 3.00, '2015-06-25 00:00:00'),
(2, 248835, 4.55, '2015-06-25 00:00:00'),
(3, 72546, 5.00, '2015-06-29 00:00:00'),
(3, 75682, 4.50, '2015-06-29 00:00:00'),
(3, 94571, 3.60, '2015-06-29 00:00:00'),
(3, 121361, 2.30, '2015-06-29 00:00:00'),
(3, 134241, 3.50, '2015-06-29 00:00:00'),
(3, 248835, 4.60, '2015-06-29 00:00:00'),
(4, 72108, 3.55, '2015-06-29 00:00:00'),
(4, 73696, 4.60, '2015-06-30 00:00:00'),
(4, 75340, 2.73, '2015-06-29 00:00:00'),
(4, 75682, 1.50, '2015-06-30 00:00:00'),
(4, 78310, 3.00, '2015-06-29 00:00:00'),
(4, 81189, 3.33, '2015-06-29 00:00:00'),
(4, 83462, 1.50, '2015-06-29 00:00:00'),
(4, 94571, 4.02, '2015-06-30 00:00:00'),
(4, 121361, 3.65, '2015-06-29 00:00:00'),
(4, 248835, 3.50, '2015-06-29 00:00:00'),
(5, 264954, 4.00, '2015-07-18 00:00:00'),
(6, 75682, 2.10, '2015-07-21 00:00:00'),
(6, 121361, 4.50, '2015-07-21 00:00:00'),
(6, 134241, 3.50, '2015-07-21 00:00:00'),
(6, 175001, 4.20, '2015-07-21 00:00:00'),
(6, 193131, 4.30, '2015-07-21 00:00:00'),
(6, 248837, 2.10, '2015-07-21 00:00:00'),
(6, 257655, 1.00, '2015-07-21 00:00:00'),
(6, 265766, 5.00, '2015-07-21 00:00:00'),
(6, 268156, 4.85, '2015-07-21 00:00:00'),
(6, 270915, 5.00, '2015-07-21 00:00:00'),
(6, 272127, 1.50, '2015-07-21 00:00:00'),
(6, 276564, 2.50, '2015-07-21 00:00:00'),
(6, 277462, 0.70, '2015-07-21 00:00:00'),
(6, 279121, 2.00, '2015-07-21 00:00:00'),
(6, 281535, 3.10, '2015-07-21 00:00:00'),
(6, 281620, 4.80, '2015-07-21 00:00:00'),
(6, 281697, 3.90, '2015-07-21 00:00:00'),
(6, 294973, 4.10, '2015-07-21 00:00:00'),
(8, 82459, 4.00, '2015-08-18 00:00:00'),
(8, 83123, 3.00, '2015-08-18 00:00:00'),
(8, 84912, 3.20, '2015-08-18 00:00:00'),
(8, 94571, 4.50, '2015-08-18 00:00:00'),
(8, 129261, 4.99, '2015-08-18 00:00:00'),
(8, 153021, 4.80, '2015-08-18 00:00:00'),
(8, 175001, 2.70, '2015-08-18 00:00:00'),
(9, 71663, 4.60, '2015-08-19 00:00:00'),
(9, 72108, 3.00, '2015-08-19 00:00:00'),
(9, 72164, 4.00, '2015-08-19 00:00:00'),
(9, 72449, 3.70, '2015-08-19 00:00:00'),
(9, 73800, 4.80, '2015-08-19 00:00:00'),
(9, 73838, 4.00, '2015-08-24 00:00:00'),
(9, 75760, 4.60, '2015-08-19 00:00:00'),
(9, 80547, 4.00, '2015-08-24 00:00:00'),
(9, 97371, 4.85, '2015-08-24 00:00:00'),
(9, 121361, 3.45, '2015-08-19 00:00:00'),
(9, 146711, 3.80, '2015-08-19 00:00:00'),
(9, 153021, 2.00, '2015-08-19 00:00:00'),
(9, 249598, 4.50, '2015-08-19 00:00:00'),
(10, 72546, 2.70, '2015-08-19 00:00:00'),
(10, 75340, 4.00, '2015-08-19 00:00:00'),
(10, 75760, 4.00, '2015-08-19 00:00:00'),
(10, 76290, 3.60, '2015-08-19 00:00:00'),
(10, 79168, 4.70, '2015-08-19 00:00:00'),
(10, 79349, 2.30, '2015-08-19 00:00:00'),
(10, 129261, 3.50, '2015-08-19 00:00:00'),
(10, 134241, 4.10, '2015-08-19 00:00:00'),
(10, 251562, 4.30, '2015-08-19 00:00:00'),
(10, 259765, 3.90, '2015-08-19 00:00:00'),
(10, 262980, 4.10, '2015-08-19 00:00:00'),
(10, 269613, 2.90, '2015-08-19 00:00:00'),
(12, 73730, 3.00, '2015-08-20 00:00:00'),
(12, 80547, 3.75, '2015-08-20 00:00:00'),
(12, 82283, 5.00, '2015-08-20 00:00:00'),
(12, 82716, 3.00, '2015-08-20 00:00:00'),
(12, 84947, 3.75, '2015-08-20 00:00:00'),
(12, 95491, 2.50, '2015-08-20 00:00:00'),
(12, 121361, 5.00, '2015-08-20 00:00:00'),
(12, 124051, 4.50, '2015-08-20 00:00:00'),
(12, 146711, 3.50, '2015-08-20 00:00:00'),
(12, 161511, 4.50, '2015-08-20 00:00:00'),
(12, 175001, 3.20, '2015-08-20 00:00:00'),
(12, 193131, 3.00, '2015-08-20 00:00:00'),
(12, 220411, 4.75, '2015-08-20 00:00:00'),
(12, 247773, 2.50, '2015-08-20 00:00:00'),
(12, 247808, 4.50, '2015-08-20 00:00:00'),
(12, 247897, 4.50, '2015-08-20 00:00:00'),
(12, 248837, 2.50, '2015-08-20 00:00:00'),
(12, 248841, 4.70, '2015-08-20 00:00:00'),
(12, 248880, 3.00, '2015-08-20 00:00:00'),
(12, 249882, 3.00, '2015-08-20 00:00:00'),
(12, 250487, 4.00, '2015-08-20 00:00:00'),
(12, 257655, 2.00, '2015-08-20 00:00:00'),
(12, 258959, 1.50, '2015-08-20 00:00:00'),
(12, 260315, 3.50, '2015-08-20 00:00:00'),
(12, 264586, 3.80, '2015-08-20 00:00:00'),
(12, 265766, 5.00, '2015-08-20 00:00:00'),
(12, 268591, 2.50, '2015-08-20 00:00:00'),
(12, 269602, 2.50, '2015-08-20 00:00:00'),
(12, 284409, 0.00, '2015-08-20 00:00:00'),
(13, 81189, 4.00, '2015-08-30 00:00:00'),
(15, 72108, 4.00, '2015-08-21 00:00:00'),
(15, 72164, 2.50, '2015-08-21 00:00:00'),
(15, 73255, 4.70, '2015-08-21 00:00:00'),
(15, 73696, 3.30, '2015-08-21 00:00:00'),
(15, 73800, 2.00, '2015-08-21 00:00:00'),
(15, 73838, 5.00, '2015-08-21 00:00:00'),
(15, 74543, 5.00, '2015-08-21 00:00:00'),
(15, 75340, 5.00, '2015-08-21 00:00:00'),
(15, 75682, 2.00, '2015-08-21 00:00:00'),
(15, 75760, 5.00, '2015-08-21 00:00:00'),
(15, 76156, 4.00, '2015-08-21 00:00:00'),
(15, 76290, 5.00, '2015-08-21 00:00:00'),
(15, 78310, 3.50, '2015-08-21 00:00:00'),
(15, 79349, 5.00, '2015-08-21 00:00:00'),
(15, 79773, 3.70, '2015-08-21 00:00:00'),
(15, 80337, 5.00, '2015-08-21 00:00:00'),
(15, 80349, 5.00, '2015-08-21 00:00:00'),
(15, 80547, 3.80, '2015-08-21 00:00:00'),
(15, 81189, 4.00, '2015-08-21 00:00:00'),
(15, 82283, 3.00, '2015-08-21 00:00:00'),
(15, 82459, 4.50, '2015-08-21 00:00:00'),
(15, 83602, 3.80, '2015-08-21 00:00:00'),
(15, 94571, 5.00, '2015-08-21 00:00:00'),
(15, 95491, 2.00, '2015-08-21 00:00:00'),
(15, 108611, 5.00, '2015-08-21 00:00:00'),
(15, 121361, 2.00, '2015-08-21 00:00:00'),
(15, 129261, 4.50, '2015-08-21 00:00:00'),
(15, 134511, 4.60, '2015-08-21 00:00:00'),
(15, 168151, 3.80, '2015-08-21 00:00:00'),
(15, 247808, 5.00, '2015-08-21 00:00:00'),
(15, 247897, 4.00, '2015-08-21 00:00:00'),
(15, 248742, 4.50, '2015-08-21 00:00:00'),
(15, 248837, 2.50, '2015-08-21 00:00:00'),
(15, 257655, 2.50, '2015-08-21 00:00:00'),
(15, 258744, 4.50, '2015-08-21 00:00:00'),
(15, 262980, 4.00, '2015-08-21 00:00:00'),
(15, 279201, 5.00, '2015-08-21 00:00:00'),
(15, 281662, 3.00, '2015-08-21 00:00:00'),
(16, 71223, 2.00, '2015-08-21 00:00:00'),
(16, 73255, 3.70, '2015-08-21 00:00:00'),
(16, 75682, 3.00, '2015-08-21 00:00:00'),
(16, 75760, 4.70, '2015-08-21 00:00:00'),
(16, 76143, 3.50, '2015-08-21 00:00:00'),
(16, 79168, 5.00, '2015-08-21 00:00:00'),
(16, 79349, 4.00, '2015-08-21 00:00:00'),
(16, 81189, 4.50, '2015-08-21 00:00:00'),
(16, 83462, 3.00, '2015-08-21 00:00:00'),
(16, 83602, 3.50, '2015-08-21 00:00:00'),
(16, 84024, 4.00, '2015-08-21 00:00:00'),
(16, 94571, 3.80, '2015-08-21 00:00:00'),
(16, 121361, 3.60, '2015-08-21 00:00:00'),
(16, 129261, 3.50, '2015-08-21 00:00:00'),
(16, 134511, 4.00, '2015-08-21 00:00:00'),
(16, 153021, 3.80, '2015-08-21 00:00:00'),
(16, 176941, 5.00, '2015-08-21 00:00:00'),
(16, 247897, 4.30, '2015-08-21 00:00:00'),
(16, 257655, 2.00, '2015-08-21 00:00:00'),
(16, 259765, 4.20, '2015-08-21 00:00:00'),
(16, 262980, 4.40, '2015-08-21 00:00:00'),
(16, 265912, 2.40, '2015-08-21 00:00:00'),
(16, 269613, 2.00, '2015-08-21 00:00:00'),
(16, 273181, 4.50, '2015-08-21 00:00:00'),
(17, 72449, 3.20, '2015-08-21 00:00:00'),
(17, 73800, 3.00, '2015-08-21 00:00:00'),
(17, 73838, 4.40, '2015-08-21 00:00:00'),
(17, 74205, 4.50, '2015-08-21 00:00:00'),
(17, 74543, 3.50, '2015-08-21 00:00:00'),
(17, 75760, 4.40, '2015-08-21 00:00:00'),
(17, 76156, 4.20, '2015-08-21 00:00:00'),
(17, 78261, 5.00, '2015-08-21 00:00:00'),
(17, 79337, 4.66, '2015-08-21 00:00:00'),
(17, 79689, 5.00, '2015-08-21 00:00:00'),
(17, 80337, 5.00, '2015-08-21 00:00:00'),
(17, 80349, 4.00, '2015-08-21 00:00:00'),
(17, 81189, 5.00, '2015-08-21 00:00:00'),
(17, 84912, 4.40, '2015-08-21 00:00:00'),
(17, 94571, 4.20, '2015-08-21 00:00:00'),
(17, 121361, 4.10, '2015-08-21 00:00:00'),
(17, 124051, 4.00, '2015-08-21 00:00:00'),
(17, 134231, 3.30, '2015-08-27 00:00:00'),
(17, 247808, 3.70, '2015-08-21 00:00:00'),
(17, 247897, 4.60, '2015-08-21 00:00:00'),
(17, 260320, 4.50, '2015-08-21 00:00:00'),
(17, 262980, 4.70, '2015-08-21 00:00:00'),
(17, 263677, 4.40, '2015-08-27 00:00:00'),
(17, 270439, 4.20, '2015-08-21 00:00:00'),
(17, 270633, 4.50, '2015-08-21 00:00:00'),
(17, 272127, 1.60, '2015-08-21 00:00:00'),
(17, 272644, 3.50, '2015-08-21 00:00:00'),
(17, 273181, 4.50, '2015-08-21 00:00:00'),
(18, 73800, 3.00, '2015-08-22 00:00:00'),
(18, 75760, 3.50, '2015-08-22 00:00:00'),
(18, 75930, 4.00, '2015-08-22 00:00:00'),
(18, 76143, 2.00, '2015-08-22 00:00:00'),
(18, 79168, 4.00, '2015-08-22 00:00:00'),
(18, 79349, 3.50, '2015-08-22 00:00:00'),
(18, 80547, 2.00, '2015-08-22 00:00:00'),
(18, 81189, 4.00, '2015-08-22 00:00:00'),
(18, 121361, 3.00, '2015-08-22 00:00:00'),
(18, 247808, 3.00, '2015-08-22 00:00:00'),
(19, 73255, 4.50, '2015-08-23 00:00:00'),
(19, 75760, 3.85, '2015-08-23 00:00:00'),
(19, 75897, 4.00, '2015-08-23 00:00:00'),
(19, 79168, 3.27, '2015-08-23 00:00:00'),
(19, 80349, 3.75, '2015-08-23 00:00:00'),
(19, 94571, 4.75, '2015-08-23 00:00:00'),
(19, 247808, 3.50, '2015-08-23 00:00:00'),
(20, 71663, 3.00, '2015-08-23 00:00:00'),
(20, 72449, 2.30, '2015-08-23 00:00:00'),
(20, 73244, 5.00, '2015-08-23 00:00:00'),
(20, 73800, 2.90, '2015-08-23 00:00:00'),
(20, 74543, 3.50, '2015-08-23 00:00:00'),
(20, 75340, 2.00, '2015-08-23 00:00:00'),
(20, 75760, 4.80, '2015-08-23 00:00:00'),
(20, 75897, 4.00, '2015-08-23 00:00:00'),
(20, 76156, 5.00, '2015-08-23 00:00:00'),
(20, 76290, 5.00, '2015-08-23 00:00:00'),
(20, 79168, 4.75, '2015-08-23 00:00:00'),
(20, 79349, 3.00, '2015-08-23 00:00:00'),
(20, 80337, 4.80, '2015-08-23 00:00:00'),
(20, 80349, 3.00, '2015-08-23 00:00:00'),
(20, 80379, 3.00, '2015-08-23 00:00:00'),
(20, 81189, 5.00, '2015-08-23 00:00:00'),
(20, 84947, 5.00, '2015-08-23 00:00:00'),
(20, 94571, 3.00, '2015-08-23 00:00:00'),
(20, 121361, 5.00, '2015-08-23 00:00:00'),
(20, 124051, 2.00, '2015-08-23 00:00:00'),
(20, 161511, 4.80, '2015-08-23 00:00:00'),
(20, 247808, 3.50, '2015-08-23 00:00:00'),
(20, 247897, 5.00, '2015-08-23 00:00:00'),
(20, 249882, 0.00, '2015-08-23 00:00:00'),
(20, 270439, 4.00, '2015-08-23 00:00:00'),
(20, 270633, 4.70, '2015-08-23 00:00:00'),
(20, 273181, 5.00, '2015-08-23 00:00:00'),
(21, 70533, 3.60, '2015-09-08 00:00:00'),
(21, 71663, 4.50, '2015-09-08 00:00:00'),
(21, 73244, 4.50, '2015-09-08 00:00:00'),
(21, 73255, 4.54, '2015-09-08 00:00:00'),
(21, 73545, 3.77, '2015-09-08 00:00:00'),
(21, 73800, 3.50, '2015-09-08 00:00:00'),
(21, 73838, 3.80, '2015-09-08 00:00:00'),
(21, 73871, 4.00, '2015-09-08 00:00:00'),
(21, 74543, 4.00, '2015-09-08 00:00:00'),
(21, 74845, 4.60, '2015-09-08 00:00:00'),
(21, 75340, 3.80, '2015-09-08 00:00:00'),
(21, 75397, 4.10, '2015-09-08 00:00:00'),
(21, 75710, 3.70, '2015-09-08 00:00:00'),
(21, 75760, 4.80, '2015-09-08 00:00:00'),
(21, 76107, 4.00, '2015-09-08 00:00:00'),
(21, 76143, 3.00, '2015-09-08 00:00:00'),
(21, 76156, 4.60, '2015-09-08 00:00:00'),
(21, 76290, 5.00, '2015-09-08 00:00:00'),
(21, 77398, 3.70, '2015-09-08 00:00:00'),
(21, 79126, 4.90, '2015-09-08 00:00:00'),
(21, 79168, 4.80, '2015-09-08 00:00:00'),
(21, 79334, 4.75, '2015-09-08 00:00:00'),
(21, 79349, 4.50, '2015-09-08 00:00:00'),
(21, 79511, 3.70, '2015-09-08 00:00:00'),
(21, 80337, 4.70, '2015-09-08 00:00:00'),
(21, 80348, 5.00, '2015-09-08 00:00:00'),
(21, 80349, 4.70, '2015-09-08 00:00:00'),
(21, 80379, 4.70, '2015-09-08 00:00:00'),
(21, 81189, 5.00, '2015-09-08 00:00:00'),
(21, 82066, 4.80, '2015-09-08 00:00:00'),
(21, 82283, 4.20, '2015-09-08 00:00:00'),
(21, 82459, 3.60, '2015-09-08 00:00:00'),
(21, 82696, 3.90, '2015-09-08 00:00:00'),
(21, 82716, 2.43, '2015-09-08 00:00:00'),
(21, 82825, 5.00, '2015-09-08 00:00:00'),
(21, 83463, 3.75, '2015-09-08 00:00:00'),
(21, 83602, 4.00, '2015-09-08 00:00:00'),
(21, 84021, 4.44, '2015-09-08 00:00:00'),
(21, 84024, 4.60, '2015-09-08 00:00:00'),
(21, 84676, 4.30, '2015-09-08 00:00:00'),
(21, 84912, 4.00, '2015-09-08 00:00:00'),
(21, 84946, 4.50, '2015-09-08 00:00:00'),
(21, 84947, 4.40, '2015-09-08 00:00:00'),
(21, 85040, 4.30, '2015-09-08 00:00:00'),
(21, 94571, 4.88, '2015-09-08 00:00:00'),
(21, 94971, 3.80, '2015-09-08 00:00:00'),
(21, 95021, 3.00, '2015-09-08 00:00:00'),
(21, 95731, 3.80, '2015-09-08 00:00:00'),
(21, 121361, 4.80, '2015-09-08 00:00:00'),
(21, 124051, 4.70, '2015-09-08 00:00:00'),
(21, 134231, 3.50, '2015-09-08 00:00:00'),
(21, 134511, 4.55, '2015-09-08 00:00:00'),
(21, 153021, 3.80, '2015-09-08 00:00:00'),
(21, 158661, 3.10, '2015-09-08 00:00:00'),
(21, 159591, 4.60, '2015-09-08 00:00:00'),
(21, 161511, 4.30, '2015-09-08 00:00:00'),
(21, 163531, 4.30, '2015-09-08 00:00:00'),
(21, 164021, 3.50, '2015-09-08 00:00:00'),
(21, 164091, 2.00, '2015-09-08 00:00:00'),
(21, 164301, 4.30, '2015-09-08 00:00:00'),
(21, 176941, 5.00, '2015-09-08 00:00:00'),
(21, 206751, 4.38, '2015-09-08 00:00:00'),
(21, 210841, 3.70, '2015-09-08 00:00:00'),
(21, 211751, 4.00, '2015-09-08 00:00:00'),
(21, 247808, 4.50, '2015-09-08 00:00:00'),
(21, 247897, 4.00, '2015-09-08 00:00:00'),
(21, 248736, 3.70, '2015-09-08 00:00:00'),
(21, 248741, 4.87, '2015-09-08 00:00:00'),
(21, 248742, 4.00, '2015-09-08 00:00:00'),
(21, 248835, 3.50, '2015-09-08 00:00:00'),
(21, 248935, 3.80, '2015-09-08 00:00:00'),
(21, 249882, 1.60, '2015-09-08 00:00:00'),
(21, 250487, 3.50, '2015-09-08 00:00:00'),
(21, 251562, 4.20, '2015-09-08 00:00:00'),
(21, 253463, 4.85, '2015-09-08 00:00:00'),
(21, 255326, 3.30, '2015-09-08 00:00:00'),
(21, 255413, 4.15, '2015-09-08 00:00:00'),
(21, 255888, 3.80, '2015-09-08 00:00:00'),
(21, 256637, 4.20, '2015-09-08 00:00:00'),
(21, 257655, 4.60, '2015-09-08 00:00:00'),
(21, 258171, 3.20, '2015-09-08 00:00:00'),
(21, 258773, 3.90, '2015-09-08 00:00:00'),
(21, 258823, 4.50, '2015-09-08 00:00:00'),
(21, 259057, 2.40, '2015-09-08 00:00:00'),
(21, 260315, 3.70, '2015-09-08 00:00:00'),
(21, 261802, 4.00, '2015-09-08 00:00:00'),
(21, 262980, 4.40, '2015-09-08 00:00:00'),
(21, 263365, 4.10, '2015-09-08 00:00:00'),
(21, 264586, 4.00, '2015-09-08 00:00:00'),
(21, 264991, 3.60, '2015-09-08 00:00:00'),
(21, 266091, 4.30, '2015-09-08 00:00:00'),
(21, 267260, 4.00, '2015-09-08 00:00:00'),
(21, 268156, 4.60, '2015-09-08 00:00:00'),
(21, 268591, 3.50, '2015-09-08 00:00:00'),
(21, 268592, 3.60, '2015-09-08 00:00:00'),
(21, 269533, 4.20, '2015-09-08 00:00:00'),
(21, 269643, 4.70, '2015-09-08 00:00:00'),
(21, 270019, 4.50, '2015-09-08 00:00:00'),
(21, 270633, 4.40, '2015-09-08 00:00:00'),
(21, 272127, 4.00, '2015-09-08 00:00:00'),
(21, 273181, 4.80, '2015-09-08 00:00:00'),
(21, 273690, 3.80, '2015-09-08 00:00:00'),
(21, 274431, 4.60, '2015-09-08 00:00:00'),
(21, 275278, 3.50, '2015-09-08 00:00:00'),
(21, 277165, 4.70, '2015-09-08 00:00:00'),
(21, 279121, 4.00, '2015-09-08 00:00:00'),
(21, 281485, 4.10, '2015-09-08 00:00:00'),
(21, 281620, 4.70, '2015-09-08 00:00:00'),
(21, 281630, 4.70, '2015-09-08 00:00:00'),
(21, 281662, 4.00, '2015-09-08 00:00:00'),
(21, 281696, 4.00, '2015-09-08 00:00:00'),
(21, 283318, 4.20, '2015-09-08 00:00:00'),
(23, 70327, 4.70, '2015-09-23 00:00:00'),
(23, 71223, 2.50, '2015-09-23 00:00:00'),
(23, 72173, 5.00, '2015-09-23 00:00:00'),
(23, 73838, 4.60, '2015-09-23 00:00:00'),
(23, 74205, 4.20, '2015-09-23 00:00:00'),
(23, 74543, 4.00, '2015-09-23 00:00:00'),
(23, 75760, 3.80, '2015-09-23 00:00:00'),
(23, 75853, 4.80, '2015-09-23 00:00:00'),
(23, 75897, 4.00, '2015-09-23 00:00:00'),
(23, 76156, 4.30, '2015-09-23 00:00:00'),
(23, 76290, 4.00, '2015-09-23 00:00:00'),
(23, 78261, 4.80, '2015-09-23 00:00:00'),
(23, 79773, 2.90, '2015-09-23 00:00:00'),
(23, 80547, 2.00, '2015-09-23 00:00:00'),
(23, 82046, 2.00, '2015-09-23 00:00:00'),
(23, 82283, 3.40, '2015-09-23 00:00:00'),
(23, 82467, 3.20, '2015-09-23 00:00:00'),
(23, 83463, 2.90, '2015-09-23 00:00:00'),
(23, 83602, 3.00, '2015-09-23 00:00:00'),
(23, 84912, 4.80, '2015-09-23 00:00:00'),
(23, 94571, 4.80, '2015-09-23 00:00:00'),
(23, 95011, 3.00, '2015-09-23 00:00:00'),
(23, 95021, 2.30, '2015-09-23 00:00:00'),
(23, 95491, 2.00, '2015-09-23 00:00:00'),
(23, 121361, 2.10, '2015-09-23 00:00:00'),
(23, 124051, 3.90, '2015-09-23 00:00:00'),
(23, 134241, 3.60, '2015-09-23 00:00:00'),
(23, 148581, 3.10, '2015-09-23 00:00:00'),
(23, 158661, 2.70, '2015-09-23 00:00:00'),
(23, 159591, 4.70, '2015-09-23 00:00:00'),
(23, 161511, 4.20, '2015-09-23 00:00:00'),
(23, 164301, 2.00, '2015-09-23 00:00:00'),
(23, 175001, 2.00, '2015-09-23 00:00:00'),
(23, 176941, 4.80, '2015-09-23 00:00:00'),
(23, 182061, 2.40, '2015-09-23 00:00:00'),
(23, 206751, 2.10, '2015-09-23 00:00:00'),
(23, 211751, 3.40, '2015-09-23 00:00:00'),
(23, 229981, 2.00, '2015-09-23 00:00:00'),
(23, 247897, 3.10, '2015-09-23 00:00:00'),
(23, 248682, 3.60, '2015-09-23 00:00:00'),
(23, 248736, 2.00, '2015-09-23 00:00:00'),
(23, 248741, 2.50, '2015-09-23 00:00:00'),
(23, 248742, 2.80, '2015-09-23 00:00:00'),
(23, 248835, 2.40, '2015-09-23 00:00:00'),
(23, 248880, 1.00, '2015-09-23 00:00:00'),
(23, 250487, 4.00, '2015-09-23 00:00:00'),
(23, 255316, 3.00, '2015-09-23 00:00:00'),
(23, 259765, 3.80, '2015-09-23 00:00:00'),
(23, 261557, 4.70, '2015-09-23 00:00:00'),
(23, 264586, 2.80, '2015-09-23 00:00:00'),
(23, 269578, 2.70, '2015-09-23 00:00:00'),
(23, 270633, 4.50, '2015-09-23 00:00:00'),
(23, 281485, 4.20, '2015-09-23 00:00:00'),
(23, 281620, 4.50, '2015-09-23 00:00:00'),
(24, 75340, 5.00, '2015-12-27 00:00:00'),
(24, 76290, 5.00, '2015-12-27 00:00:00'),
(24, 80547, 4.80, '2015-12-27 00:00:00'),
(24, 97371, 3.00, '2015-12-27 00:00:00'),
(24, 247773, 4.00, '2015-12-27 00:00:00'),
(24, 247897, 5.00, '2015-12-27 00:00:00'),
(24, 249598, 2.00, '2015-12-27 00:00:00'),
(24, 255888, 2.50, '2015-12-27 00:00:00');

-- --------------------------------------------------------

--
-- Structure de la table `membre_membres`
--

CREATE TABLE IF NOT EXISTS `membre_membres` (
  `membre1` int(11) unsigned NOT NULL DEFAULT '0',
  `membre2` int(11) unsigned NOT NULL DEFAULT '0',
  `note_membre` decimal(5,2) DEFAULT NULL,
  `Note_fyns` decimal(5,2) DEFAULT NULL
) ENGINE=InnoDB DEFAULT CHARSET=latin1;

--
-- Contenu de la table `membre_membres`
--

INSERT INTO `membre_membres` (`membre1`, `membre2`, `note_membre`, `Note_fyns`) VALUES
(1, 2, -5.05, 0.60),
(1, 3, -4.90, 0.61),
(1, 4, 1.68, 1.00),
(1, 5, -15.00, 0.00),
(1, 6, -9.20, 0.35),
(1, 7, -15.00, 0.00),
(1, 8, NULL, NULL),
(1, 9, NULL, NULL),
(1, 10, NULL, NULL),
(1, 11, NULL, NULL),
(1, 12, NULL, NULL),
(1, 13, NULL, NULL),
(1, 14, NULL, NULL),
(1, 15, NULL, NULL),
(1, 16, NULL, NULL),
(1, 17, NULL, NULL),
(1, 18, NULL, NULL),
(1, 19, NULL, NULL),
(1, 20, NULL, NULL),
(1, 21, NULL, NULL),
(1, 22, NULL, NULL),
(1, 23, NULL, NULL),
(1, 24, NULL, NULL),
(2, 1, 4.95, 1.00),
(2, 3, 1.95, 0.00),
(2, 4, 2.85, 0.30),
(2, 5, NULL, NULL),
(2, 6, NULL, NULL),
(2, 7, NULL, NULL),
(2, 8, NULL, NULL),
(2, 9, NULL, NULL),
(2, 10, NULL, NULL),
(2, 11, NULL, NULL),
(2, 12, NULL, NULL),
(2, 13, NULL, NULL),
(2, 14, NULL, NULL),
(2, 15, NULL, NULL),
(2, 16, NULL, NULL),
(2, 17, NULL, NULL),
(2, 18, NULL, NULL),
(2, 19, NULL, NULL),
(2, 20, NULL, NULL),
(2, 21, NULL, NULL),
(2, 22, NULL, NULL),
(2, 23, NULL, NULL),
(2, 24, NULL, NULL),
(3, 1, 4.10, 1.00),
(3, 2, 0.95, 0.21),
(3, 4, 0.13, 0.00),
(3, 5, NULL, NULL),
(3, 6, NULL, NULL),
(3, 7, NULL, NULL),
(3, 8, NULL, NULL),
(3, 9, NULL, NULL),
(3, 10, NULL, NULL),
(3, 11, NULL, NULL),
(3, 12, NULL, NULL),
(3, 13, NULL, NULL),
(3, 14, NULL, NULL),
(3, 15, NULL, NULL),
(3, 16, NULL, NULL),
(3, 17, NULL, NULL),
(3, 18, NULL, NULL),
(3, 19, NULL, NULL),
(3, 20, NULL, NULL),
(3, 21, NULL, NULL),
(3, 22, NULL, NULL),
(3, 23, NULL, NULL),
(3, 24, NULL, NULL),
(4, 1, 6.78, 1.00),
(4, 2, -2.15, 0.16),
(4, 3, -3.87, 0.00),
(4, 5, NULL, NULL),
(4, 6, NULL, NULL),
(4, 7, NULL, NULL),
(4, 8, NULL, NULL),
(4, 9, NULL, NULL),
(4, 10, NULL, NULL),
(4, 11, NULL, NULL),
(4, 12, NULL, NULL),
(4, 13, NULL, NULL),
(4, 14, NULL, NULL),
(4, 15, NULL, NULL),
(4, 16, NULL, NULL),
(4, 17, NULL, NULL),
(4, 18, NULL, NULL),
(4, 19, NULL, NULL),
(4, 20, NULL, NULL),
(4, 21, NULL, NULL),
(4, 22, NULL, NULL),
(4, 23, NULL, NULL),
(4, 24, NULL, NULL),
(5, 1, -1.00, NULL),
(5, 2, -1.00, NULL),
(5, 3, -1.00, NULL),
(5, 4, -1.00, NULL),
(5, 6, NULL, NULL),
(5, 7, NULL, NULL),
(5, 8, NULL, NULL),
(5, 9, NULL, NULL),
(5, 10, NULL, NULL),
(5, 11, NULL, NULL),
(5, 12, NULL, NULL),
(5, 13, NULL, NULL),
(5, 14, NULL, NULL),
(5, 15, NULL, NULL),
(5, 16, NULL, NULL),
(5, 17, NULL, NULL),
(5, 18, NULL, NULL),
(5, 19, NULL, NULL),
(5, 20, NULL, NULL),
(5, 21, NULL, NULL),
(5, 22, NULL, NULL),
(5, 23, NULL, NULL),
(5, 24, NULL, NULL),
(6, 1, -12.20, 1.00),
(6, 2, -16.40, 0.28),
(6, 3, -13.60, 0.76),
(6, 4, -13.45, 0.78),
(6, 5, -18.00, 0.00),
(6, 7, -18.00, 0.00),
(6, 8, NULL, NULL),
(6, 9, NULL, NULL),
(6, 10, NULL, NULL),
(6, 11, NULL, NULL),
(6, 12, NULL, NULL),
(6, 13, NULL, NULL),
(6, 14, NULL, NULL),
(6, 15, NULL, NULL),
(6, 16, NULL, NULL),
(6, 17, NULL, NULL),
(6, 18, NULL, NULL),
(6, 19, NULL, NULL),
(6, 20, NULL, NULL),
(6, 21, NULL, NULL),
(6, 22, NULL, NULL),
(6, 23, NULL, NULL),
(6, 24, NULL, NULL),
(7, 1, NULL, NULL),
(7, 2, NULL, NULL),
(7, 3, NULL, NULL),
(7, 4, NULL, NULL),
(7, 5, NULL, NULL),
(7, 6, NULL, NULL),
(7, 8, NULL, NULL),
(7, 9, NULL, NULL),
(7, 10, NULL, NULL),
(7, 11, NULL, NULL),
(7, 12, NULL, NULL),
(7, 13, NULL, NULL),
(7, 14, NULL, NULL),
(7, 15, NULL, NULL),
(7, 16, NULL, NULL),
(7, 17, NULL, NULL),
(7, 18, NULL, NULL),
(7, 19, NULL, NULL),
(7, 20, NULL, NULL),
(7, 21, NULL, NULL),
(7, 22, NULL, NULL),
(7, 23, NULL, NULL),
(7, 24, NULL, NULL),
(8, 1, NULL, NULL),
(8, 2, NULL, NULL),
(8, 3, NULL, NULL),
(8, 4, NULL, NULL),
(8, 5, NULL, NULL),
(8, 6, NULL, NULL),
(8, 7, NULL, NULL),
(8, 9, NULL, NULL),
(8, 10, NULL, NULL),
(8, 11, NULL, NULL),
(8, 12, NULL, NULL),
(8, 13, NULL, NULL),
(8, 14, NULL, NULL),
(8, 15, NULL, NULL),
(8, 16, NULL, NULL),
(8, 17, NULL, NULL),
(8, 18, NULL, NULL),
(8, 19, NULL, NULL),
(8, 20, NULL, NULL),
(8, 21, NULL, NULL),
(8, 22, NULL, NULL),
(8, 23, NULL, NULL),
(8, 24, NULL, NULL),
(9, 1, NULL, NULL),
(9, 2, NULL, NULL),
(9, 3, NULL, NULL),
(9, 4, NULL, NULL),
(9, 5, NULL, NULL),
(9, 6, NULL, NULL),
(9, 7, NULL, NULL),
(9, 8, NULL, NULL),
(9, 10, NULL, NULL),
(9, 11, NULL, NULL),
(9, 12, NULL, NULL),
(9, 13, NULL, NULL),
(9, 14, NULL, NULL),
(9, 15, NULL, NULL),
(9, 16, NULL, NULL),
(9, 17, NULL, NULL),
(9, 18, NULL, NULL),
(9, 19, NULL, NULL),
(9, 20, NULL, NULL),
(9, 21, NULL, NULL),
(9, 22, NULL, NULL),
(9, 23, NULL, NULL),
(9, 24, NULL, NULL),
(10, 1, NULL, NULL),
(10, 2, NULL, NULL),
(10, 3, NULL, NULL),
(10, 4, NULL, NULL),
(10, 5, NULL, NULL),
(10, 6, NULL, NULL),
(10, 7, NULL, NULL),
(10, 8, NULL, NULL),
(10, 9, NULL, NULL),
(10, 11, NULL, NULL),
(10, 12, NULL, NULL),
(10, 13, NULL, NULL),
(10, 14, NULL, NULL),
(10, 15, NULL, NULL),
(10, 16, NULL, NULL),
(10, 17, NULL, NULL),
(10, 18, NULL, NULL),
(10, 19, NULL, NULL),
(10, 20, NULL, NULL),
(10, 21, NULL, NULL),
(10, 22, NULL, NULL),
(10, 23, NULL, NULL),
(10, 24, NULL, NULL),
(11, 1, NULL, NULL),
(11, 2, NULL, NULL),
(11, 3, NULL, NULL),
(11, 4, NULL, NULL),
(11, 5, NULL, NULL),
(11, 6, NULL, NULL),
(11, 7, NULL, NULL),
(11, 8, NULL, NULL),
(11, 9, NULL, NULL),
(11, 10, NULL, NULL),
(11, 12, NULL, NULL),
(11, 13, NULL, NULL),
(11, 14, NULL, NULL),
(11, 15, NULL, NULL),
(11, 16, NULL, NULL),
(11, 17, NULL, NULL),
(11, 18, NULL, NULL),
(11, 19, NULL, NULL),
(11, 20, NULL, NULL),
(11, 21, NULL, NULL),
(11, 22, NULL, NULL),
(11, 23, NULL, NULL),
(11, 24, NULL, NULL),
(12, 1, NULL, NULL),
(12, 2, NULL, NULL),
(12, 3, NULL, NULL),
(12, 4, NULL, NULL),
(12, 5, NULL, NULL),
(12, 6, NULL, NULL),
(12, 7, NULL, NULL),
(12, 8, NULL, NULL),
(12, 9, NULL, NULL),
(12, 10, NULL, NULL),
(12, 11, NULL, NULL),
(12, 13, NULL, NULL),
(12, 14, NULL, NULL),
(12, 15, NULL, NULL),
(12, 16, NULL, NULL),
(12, 17, NULL, NULL),
(12, 18, NULL, NULL),
(12, 19, NULL, NULL),
(12, 20, NULL, NULL),
(12, 21, NULL, NULL),
(12, 22, NULL, NULL),
(12, 23, NULL, NULL),
(12, 24, NULL, NULL),
(13, 1, NULL, NULL),
(13, 2, NULL, NULL),
(13, 3, NULL, NULL),
(13, 4, NULL, NULL),
(13, 5, NULL, NULL),
(13, 6, NULL, NULL),
(13, 7, NULL, NULL),
(13, 8, NULL, NULL),
(13, 9, NULL, NULL),
(13, 10, NULL, NULL),
(13, 11, NULL, NULL),
(13, 12, NULL, NULL),
(13, 14, NULL, NULL),
(13, 15, NULL, NULL),
(13, 16, NULL, NULL),
(13, 17, NULL, NULL),
(13, 18, NULL, NULL),
(13, 19, NULL, NULL),
(13, 20, NULL, NULL),
(13, 21, NULL, NULL),
(13, 22, NULL, NULL),
(13, 23, NULL, NULL),
(13, 24, NULL, NULL),
(14, 1, NULL, NULL),
(14, 2, NULL, NULL),
(14, 3, NULL, NULL),
(14, 4, NULL, NULL),
(14, 5, NULL, NULL),
(14, 6, NULL, NULL),
(14, 7, NULL, NULL),
(14, 8, NULL, NULL),
(14, 9, NULL, NULL),
(14, 10, NULL, NULL),
(14, 11, NULL, NULL),
(14, 12, NULL, NULL),
(14, 13, NULL, NULL),
(14, 15, NULL, NULL),
(14, 16, NULL, NULL),
(14, 17, NULL, NULL),
(14, 18, NULL, NULL),
(14, 19, NULL, NULL),
(14, 20, NULL, NULL),
(14, 21, NULL, NULL),
(14, 22, NULL, NULL),
(14, 23, NULL, NULL),
(14, 24, NULL, NULL),
(15, 1, NULL, NULL),
(15, 2, NULL, NULL),
(15, 3, NULL, NULL),
(15, 4, NULL, NULL),
(15, 5, NULL, NULL),
(15, 6, NULL, NULL),
(15, 7, NULL, NULL),
(15, 8, NULL, NULL),
(15, 9, NULL, NULL),
(15, 10, NULL, NULL),
(15, 11, NULL, NULL),
(15, 12, NULL, NULL),
(15, 13, NULL, NULL),
(15, 14, NULL, NULL),
(15, 16, NULL, NULL),
(15, 17, NULL, NULL),
(15, 18, NULL, NULL),
(15, 19, NULL, NULL),
(15, 20, NULL, NULL),
(15, 21, NULL, NULL),
(15, 22, NULL, NULL),
(15, 23, NULL, NULL),
(15, 24, NULL, NULL),
(16, 1, NULL, NULL),
(16, 2, NULL, NULL),
(16, 3, NULL, NULL),
(16, 4, NULL, NULL),
(16, 5, NULL, NULL),
(16, 6, NULL, NULL),
(16, 7, NULL, NULL),
(16, 8, NULL, NULL),
(16, 9, NULL, NULL),
(16, 10, NULL, NULL),
(16, 11, NULL, NULL),
(16, 12, NULL, NULL),
(16, 13, NULL, NULL),
(16, 14, NULL, NULL),
(16, 15, NULL, NULL),
(16, 17, NULL, NULL),
(16, 18, NULL, NULL),
(16, 19, NULL, NULL),
(16, 20, NULL, NULL),
(16, 21, NULL, NULL),
(16, 22, NULL, NULL),
(16, 23, NULL, NULL),
(16, 24, NULL, NULL),
(17, 1, NULL, NULL),
(17, 2, NULL, NULL),
(17, 3, NULL, NULL),
(17, 4, NULL, NULL),
(17, 5, NULL, NULL),
(17, 6, NULL, NULL),
(17, 7, NULL, NULL),
(17, 8, NULL, NULL),
(17, 9, NULL, NULL),
(17, 10, NULL, NULL),
(17, 11, NULL, NULL),
(17, 12, NULL, NULL),
(17, 13, NULL, NULL),
(17, 14, NULL, NULL),
(17, 15, NULL, NULL),
(17, 16, NULL, NULL),
(17, 18, NULL, NULL),
(17, 19, NULL, NULL),
(17, 20, NULL, NULL),
(17, 21, NULL, NULL),
(17, 22, NULL, NULL),
(17, 23, NULL, NULL),
(17, 24, NULL, NULL),
(18, 1, NULL, NULL),
(18, 2, NULL, NULL),
(18, 3, NULL, NULL),
(18, 4, NULL, NULL),
(18, 5, NULL, NULL),
(18, 6, NULL, NULL),
(18, 7, NULL, NULL),
(18, 8, NULL, NULL),
(18, 9, NULL, NULL),
(18, 10, NULL, NULL),
(18, 11, NULL, NULL),
(18, 12, NULL, NULL),
(18, 13, NULL, NULL),
(18, 14, NULL, NULL),
(18, 15, NULL, NULL),
(18, 16, NULL, NULL),
(18, 17, NULL, NULL),
(18, 19, NULL, NULL),
(18, 20, NULL, NULL),
(18, 21, NULL, NULL),
(18, 22, NULL, NULL),
(18, 23, NULL, NULL),
(18, 24, NULL, NULL),
(19, 1, NULL, NULL),
(19, 2, NULL, NULL),
(19, 3, NULL, NULL),
(19, 4, NULL, NULL),
(19, 5, NULL, NULL),
(19, 6, NULL, NULL),
(19, 7, NULL, NULL),
(19, 8, NULL, NULL),
(19, 9, NULL, NULL),
(19, 10, NULL, NULL),
(19, 11, NULL, NULL),
(19, 12, NULL, NULL),
(19, 13, NULL, NULL),
(19, 14, NULL, NULL),
(19, 15, NULL, NULL),
(19, 16, NULL, NULL),
(19, 17, NULL, NULL),
(19, 18, NULL, NULL),
(19, 20, NULL, NULL),
(19, 21, NULL, NULL),
(19, 22, NULL, NULL),
(19, 23, NULL, NULL),
(19, 24, NULL, NULL),
(20, 1, NULL, NULL),
(20, 2, NULL, NULL),
(20, 3, NULL, NULL),
(20, 4, NULL, NULL),
(20, 5, NULL, NULL),
(20, 6, NULL, NULL),
(20, 7, NULL, NULL),
(20, 8, NULL, NULL),
(20, 9, NULL, NULL),
(20, 10, NULL, NULL),
(20, 11, NULL, NULL),
(20, 12, NULL, NULL),
(20, 13, NULL, NULL),
(20, 14, NULL, NULL),
(20, 15, NULL, NULL),
(20, 16, NULL, NULL),
(20, 17, NULL, NULL),
(20, 18, NULL, NULL),
(20, 19, NULL, NULL),
(20, 21, NULL, NULL),
(20, 22, NULL, NULL),
(20, 23, NULL, NULL),
(20, 24, NULL, NULL),
(21, 1, NULL, NULL),
(21, 2, NULL, NULL),
(21, 3, NULL, NULL),
(21, 4, NULL, NULL),
(21, 5, NULL, NULL),
(21, 6, NULL, NULL),
(21, 7, NULL, NULL),
(21, 8, NULL, NULL),
(21, 9, NULL, NULL),
(21, 10, NULL, NULL),
(21, 11, NULL, NULL),
(21, 12, NULL, NULL),
(21, 13, NULL, NULL),
(21, 14, NULL, NULL),
(21, 15, NULL, NULL),
(21, 16, NULL, NULL),
(21, 17, NULL, NULL),
(21, 18, NULL, NULL),
(21, 19, NULL, NULL),
(21, 20, NULL, NULL),
(21, 22, NULL, NULL),
(21, 23, NULL, NULL),
(21, 24, NULL, NULL),
(22, 1, NULL, NULL),
(22, 2, NULL, NULL),
(22, 3, NULL, NULL),
(22, 4, NULL, NULL),
(22, 5, NULL, NULL),
(22, 6, NULL, NULL),
(22, 7, NULL, NULL),
(22, 8, NULL, NULL),
(22, 9, NULL, NULL),
(22, 10, NULL, NULL),
(22, 11, NULL, NULL),
(22, 12, NULL, NULL),
(22, 13, NULL, NULL),
(22, 14, NULL, NULL),
(22, 15, NULL, NULL),
(22, 16, NULL, NULL),
(22, 17, NULL, NULL),
(22, 18, NULL, NULL),
(22, 19, NULL, NULL),
(22, 20, NULL, NULL),
(22, 21, NULL, NULL),
(22, 23, NULL, NULL),
(22, 24, NULL, NULL),
(23, 1, NULL, NULL),
(23, 2, NULL, NULL),
(23, 3, NULL, NULL),
(23, 4, NULL, NULL),
(23, 5, NULL, NULL),
(23, 6, NULL, NULL),
(23, 7, NULL, NULL),
(23, 8, NULL, NULL),
(23, 9, NULL, NULL),
(23, 10, NULL, NULL),
(23, 11, NULL, NULL),
(23, 12, NULL, NULL),
(23, 13, NULL, NULL),
(23, 14, NULL, NULL),
(23, 15, NULL, NULL),
(23, 16, NULL, NULL),
(23, 17, NULL, NULL),
(23, 18, NULL, NULL),
(23, 19, NULL, NULL),
(23, 20, NULL, NULL),
(23, 21, NULL, NULL),
(23, 22, NULL, NULL),
(23, 24, NULL, NULL),
(24, 1, NULL, NULL),
(24, 2, NULL, NULL),
(24, 3, NULL, NULL),
(24, 4, NULL, NULL),
(24, 5, NULL, NULL),
(24, 6, NULL, NULL),
(24, 7, NULL, NULL),
(24, 8, NULL, NULL),
(24, 9, NULL, NULL),
(24, 10, NULL, NULL),
(24, 11, NULL, NULL),
(24, 12, NULL, NULL),
(24, 13, NULL, NULL),
(24, 14, NULL, NULL),
(24, 15, NULL, NULL),
(24, 16, NULL, NULL),
(24, 17, NULL, NULL),
(24, 18, NULL, NULL),
(24, 19, NULL, NULL),
(24, 20, NULL, NULL),
(24, 21, NULL, NULL),
(24, 22, NULL, NULL),
(24, 23, NULL, NULL);

-- --------------------------------------------------------

--
-- Structure de la table `series`
--

CREATE TABLE IF NOT EXISTS `series` (
  `id` int(8) unsigned NOT NULL,
  `nom` varchar(100) NOT NULL,
  `nbmembres` int(6) NOT NULL,
  `note` decimal(3,2) NOT NULL,
  `annee` year(4) DEFAULT NULL,
  `date_ajout` date NOT NULL,
  `saison` int(5) unsigned DEFAULT NULL,
  `Episodes` int(5) unsigned DEFAULT NULL,
  `Format` int(5) unsigned DEFAULT NULL,
  `Chaine` varchar(30) DEFAULT NULL,
  `Langue` varchar(10) NOT NULL DEFAULT '',
  `Genre` varchar(50) DEFAULT NULL,
  `Statut` varchar(30) DEFAULT NULL,
  `Overview` varchar(20000) DEFAULT NULL
) ENGINE=MyISAM DEFAULT CHARSET=latin1;

--
-- Contenu de la table `series`
--

INSERT INTO `series` (`id`, `nom`, `nbmembres`, `note`, `annee`, `date_ajout`, `saison`, `Episodes`, `Format`, `Chaine`, `Langue`, `Genre`, `Statut`, `Overview`) VALUES
(81189, 'Breaking Bad', 9, 4.40, 2008, '2015-06-23', 5, 62, 45, 'AMC', 'en', '|Crime|Drama|Suspense|Thriller|', 'Ended', 'Walter White, a struggling high school chemistry teacher, is diagnosed with advanced lung cancer. He turns to a life of crime, producing and selling methamphetamine accompanied by a former student, Jesse Pinkman, with the aim of securing his family''s financial future before he dies.'),
(75340, 'Prison Break', 7, 3.80, 2005, '2015-06-23', 4, 79, 60, 'FOX (US)', 'en', '|Drama|', 'Ended', 'After getting himself incarcerated in Fox River State Penitentiary to free his wrongly accused brother, Lincoln Burrows, Michael Scofield is now on the loose along with his brother and six other convicts. '),
(134241, 'Justified', 5, 3.80, 2010, '2015-06-23', 6, 78, 60, 'FX', 'en', '|Action|Crime|Drama|', 'Ended', 'A character drama based on the 2001 Elmore Leonard short story &quot;Fire in the Hole.&quot; Leonard''s tale centers around U.S. Marshal Raylan Givens of Kentucky, a quiet but strong-willed official of the law. The tale covers his high-stakes job, as well as his strained relationships with his ex-wife and father.'),
(94571, 'Community', 11, 4.30, 2009, '2015-06-23', 6, 110, 30, 'Yahoo! Screen', 'en', '|Comedy|', 'Continuing', 'From Emmy Award-winner Dan Harmon comes &quot;Community&quot;, a smart comedy series about higher education â€“ and lower expectations. The student body at Greendale Community College is made up of high-school losers, newly divorced housewives, and old people who want to keep their minds active. Within these not-so-hallowed halls, Community focuses on a band of misfits, at the center of which is a fast-talking lawyer whose degree was found to be fake, who form a study group and end up learning a lot more about themselves than they do about their course work.'),
(153021, 'The Walking Dead', 5, 3.78, 2010, '2015-06-23', 5, 67, 45, 'AMC', 'en', '|Drama|Horror|Suspense|', 'Continuing', 'The world we knew is gone. An epidemic of apocalyptic proportions has swept the globe causing the dead to rise and feed on the living. In a matter of months society has crumbled. In a world ruled by the dead, we are forced to finally start living. Based on a comic book series of the same name by Robert Kirkman, this AMC project focuses on the world after a zombie apocalypse. The series follows a police officer, Rick Grimes, who wakes up from a coma to find the world ravaged with zombies. Looking for his family, he and a group of survivors attempt to battle against the zombies in order to stay alive.\n'),
(121361, 'Game of Thrones', 13, 3.68, 2011, '2015-06-23', 5, 50, 60, 'HBO', 'en', '|Adventure|Drama|Fantasy|Variety|', 'Continuing', 'Seven noble families fight for control of the mythical land of Westeros. Friction between the houses leads to full-scale war. All while a very ancient evil awakens in the farthest north. Amidst the war, a neglected military order of misfits, the Night''s Watch, is all that stands between the realms of men and the icy horrors beyond.'),
(161511, 'Shameless (US)', 5, 4.44, 2011, '2015-06-24', 5, 60, 60, 'Showtime', 'en', '|Comedy|Drama|', 'Continuing', 'Chicagoan Frank Gallagher is the proud single dad of six smart, industrious, independent kids, who without him would be... perhaps better off. When Frank''s not at the bar spending what little money they have, he''s passed out on the floor. But the kids have found ways to grow up in spite of him. They may not be like any family you know, but they make no apologies for being exactly who they are.'),
(72108, 'NCIS', 4, 3.39, 2003, '2015-06-24', 9, 283, 60, 'CBS', 'en', '|Action|Adventure|Crime|Drama|', 'Continuing', 'Explore the inner workings of the government agency that investigates all crimes involving Navy and Marine Corps personnel, regardless of rank or position.  Leading this team is NCIS Special Agent Leroy Jethro Gibbs, a skilled investigator and interrogator who is smart, tough and willing to bend the rules to get the job done.'),
(248835, 'Once Upon a Time (2011)', 6, 3.56, 2011, '2015-06-25', 5, 90, 60, 'ABC (US)', 'en', '|Adventure|Drama|Fantasy|Romance|', 'Continuing', 'Emma Swan, a 28-year-old bail bonds collector, has always been a fiercely independent person since being abandoned as a baby. Her son Henry, who she gave up for adoption years ago, finds and tries to convince Emma that she is Snow White''s missing daughter. Henry shows Emma that in the fairytale, Prince Charming and Snow White sent her away to protect her. Emma doesn''t believe him and takes Henry back to Storybrooke...'),
(75682, 'Bones', 7, 3.00, 2005, '2015-06-25', 9, 212, 60, 'FOX (US)', 'en', '|Comedy|Crime|Drama|', 'Continuing', 'F.B.I. Agent Seeley Booth is teamed up with forensic anthropologist Dr. Temperance &quot;Bones&quot; Brennan to solve some of the most baffling and bizarre crimes ever. Booth depends on clues from the living, witnesses and suspects, while Brennan gathers evidence from the dead, relying on her uncanny ability to read clues left behind in the bones of the victims.'),
(72546, 'CSI: Crime Scene Investigation', 4, 3.70, 2000, '2015-06-25', 9, 336, 60, 'CBS', 'en', '|Crime|Drama|', 'Continuing', 'CSI is a crime drama in which the characters use cutting-edge forensic tools to examine the evidence to solve the case.  Rather than asking ''whodunnit'' (investigating witnesses/suspects), CSI explores the ''howdunnit''.'),
(73696, 'CSI: NY', 4, 3.43, 2004, '2015-06-25', 9, 197, 60, 'CBS', 'en', '|Crime|Drama|', 'Ended', 'The third edition of the &quot;CSI&quot; franchise sets up shop in the Big Apple, where taciturn Detective Mac Taylor (Gary Sinise) and his partner, Detective Stella Bonasera (Melina Kanakaredes), lead a crime-solving team. Like his counterparts in Las Vegas and Miami, Taylor knows that people may lie, but the evidence rarely does.'),
(78310, 'CSI: Miami', 4, 3.20, 2002, '2015-06-25', 9, 232, 60, 'CBS', 'en', '|Action|Crime|Drama|', 'Ended', 'CSI''s gritty approach to crime known as forensic science makes its way from Las Vegas to the streets of Florida in CSI: Miami. A whole new team of crime scene investigators is on hand to probe the seamy underside of Miami.'),
(248837, 'Revenge', 3, 2.37, 2011, '2015-07-09', 4, 89, 60, 'ABC (US)', 'en', '|Drama|Mystery|Thriller|', 'Ended', 'Emily Thorne rents a house in the Hamptons for the summer, seemingly intent on nothing more than enjoying a break in the popular resort. But it soon becomes clear that there''s more to her visit. Her real name is Amanda Clarke and her father was framed for a crime he didn''t commit and sent to prison for life and she has come to the Hamptons to seek revenge against the people who betrayed him and saw him sent to jail.'),
(83462, 'Castle (2009)', 3, 2.73, 2009, '2015-06-27', 8, 152, 60, 'ABC (US)', 'en', '|Comedy|Crime|Drama|', 'Continuing', 'Rick Castle is one of the world''s most successful crime authors. But when his rock star lifestyle isn''t enough, this bad boy goes looking for new trouble and finds it working with smart, beautiful Detective Kate Beckett. Inspired by her professional record and intrigued by her buttoned-up personality, Castle''s found the model for his bold new character whether she likes it or not. Now with the mayor''s permission, Castle is helping solve crime with his own twist.'),
(257655, 'Arrow', 6, 2.43, 2012, '2015-06-29', 4, 70, 60, 'The CW', 'en', '|Action|Adventure|Crime|', 'Continuing', 'Oliver Queen and his father are lost at sea when their luxury yacht sinks. His father doesn''t survive. Oliver survives on an uncharted island for five years learning to fight, but also learning about his father''s corruption and unscrupulous business dealings. He returns to civilization a changed man, determined to put things right. He disguises himself with the hood of one of his mysterious island mentors, arms himself with a bow and sets about hunting down the men and women who have corrupted his city.'),
(176941, 'Sherlock', 3, 4.93, 2010, '2015-07-18', 3, 9, 90, 'BBC One', 'en', '|Adventure|Crime|Drama|Mystery|Thriller|', 'Continuing', 'Sherlock is a British television crime drama that presents a contemporary adaptation of Sir Arthur Conan Doyle''s Sherlock Holmes detective stories. Created by Steven Moffat and Mark Gatiss, it stars Benedict Cumberbatch as Sherlock Holmes and Martin Freeman as Doctor John Watson.'),
(264954, 'Chosen', 1, 4.00, 2013, '2015-07-18', 4, 19, 25, 'Crackle', 'en', '|Action|Adventure|Drama|', 'Continuing', '&quot;Chosen&quot; follows Ian Mitchell -- a husband, father and lawyer -- who awakens one morning to discover a mysterious box on his doorstep containing a loaded gun and a photo of a stranger he must kill within the next three days. Ian quickly learns that if he doesn''t kill this man, he may be killed himself along with his daughter who is being held hostage. Confused and desperate, Ian is transformed from an ordinary man into an unwilling assassin who must risk everything to protect his family.'),
(272644, '12 Monkeys', 2, 3.35, 2015, '2015-07-20', 2, 15, 60, 'Syfy', 'en', '|Science-Fiction|', 'Continuing', 'The show follows the journey of a time traveler, Cole, from the post-apocalyptic future. Using a dangerous and untested method of time travel, Cole arrives in the present day on a mission to locate and eradicate the source of a deadly plague that will eventually decimate 93.6% of the human race.'),
(281612, 'Allegiance', 0, 0.00, 2015, '2015-07-20', 1, 13, 60, 'NBC', 'en', '|Crime|Drama|', 'Ended', 'Alex O''Connor, a young idealistic CIA analyst specializing in Russian affairs, learns a shocking secret and his close-knit, affluent family is about to be split apart when it''s revealed that his parents, Mark and Katya, are covert Russian spies deactivated decades ago. But today the Kremlin has re-enlisted them into service as they plan a terrorist operation inside the U.S. border that will bring America to its knees.'),
(281537, 'Aquarius (2015)', 0, 0.00, 2015, '2015-07-20', 1, 13, 40, 'NBC', 'en', '|Crime|Drama|', 'Continuing', 'Itâ€™s 1967 and the era of free love, drug experimentation and Vietnam is in full effect. When teenager Emma goes missing, Sgt. Sam Hodiak starts asking around. He soon discovers that the hippie kids heâ€™s questioning don''t take kindly to cops.\n\nNeeding the help of someone to trust, he partners with young undercover cop Brian Shafe, a law-abiding officer who struggles with his own demons. He also begins to rely on Charmain Tully, an ambitious rookie cop whoâ€™s anxious to prove herself in a male-dominated profession.\n\nItâ€™s not long before they stumble upon a small-time cult leader seeking out vulnerable women to join his cause. From there, they follow this manâ€™s trail down a rabbit hole of drugs, sex, murder and a cultural revolution. Little could they know, however, the guy they''re hunting will eventually become the killer we now recognize as Charles Manson.'),
(277568, 'Babylon (2014)', 0, 0.00, 2014, '2015-07-20', 1, 6, 60, 'Channel 4', 'en', '|Comedy|Crime|Drama|', 'Continuing', 'London''s police force is in need of a public image revamp. And Chief Constable Richard Miller, played by James Nesbitt, has found just the woman to do it...American visionary from the world of new media Liz Garvey, played by Brit Marling, sets out to revolutionise the force''s PR department just as an outbreak of violence erupts.\n'),
(277093, 'Backstrom', 0, 0.00, 2015, '2015-07-20', 1, 13, 60, 'FOX (US)', 'en', '|Crime|Drama|', 'Ended', 'Detective Everett Backstrom is an offensive, irascible detective, as he tries, and fails, to change his self-destructive behavior. Throughout the series, Backstrom leads his team, the Serious Crimes Unit, as they navigate Portlandâ€™s most sensitive cases.'),
(274802, 'Battle Creek', 0, 0.00, 2015, '2015-07-20', 1, 13, 45, 'CBS', 'en', '|Crime|Drama|', 'Ended', 'Battle Creek stars Josh Duhamel and Dean Winters in a drama about two mismatched law enforcement officers whose polar opposite views of the world and crime-solving breed frustration, disdain, humor and possibly a grudging respect as they clean up the hardscrabble streets of Battle Creek, Michigan.'),
(273181, 'Better Call Saul', 5, 4.62, 2015, '2015-07-20', 1, 10, 45, 'AMC', 'en', '|Comedy|Crime|Drama|', 'Continuing', 'We meet him when the man who will become Saul Goodman is known as Jimmy McGill, a small-time lawyer searching for his destiny and, more immediately, hustling to make ends meet. Working alongside, and, often, against Jimmy, is â€˜fixerâ€™ Mike Erhmantraut. The series tracks Jimmy''s transformation into the man who puts â€˜criminalâ€™ in â€˜criminal lawyerâ€™.'),
(287314, 'Bloodline', 0, 0.00, 2015, '2015-07-20', 1, 13, 60, 'Netflix', 'en', '|Drama|', 'Continuing', 'The Rayburns are hard-working pillars of their Florida Keys community. But when the black sheep son comes home for the 45th anniversary of his parents'' hotel, he threatens to expose the Rayburns'' dark secrets and shameful past, pushing his siblings to the limits of family loyalty.'),
(76203, 'Curb Your Enthusiasm', 1, 4.20, 2000, '2015-07-20', 8, 80, 30, 'HBO', 'en', '|Comedy|', 'Ended', 'The unscripted Curb Your Enthusiasm brings the off-kilter comic vision of Larry David, who plays himself in a parallel universe in which he can''t seem to do anything right, and, by his standards, neither can anyone else.'),
(275278, 'DIG', 1, 3.50, 2015, '2015-07-20', 1, 10, 60, 'USA Network', 'en', '|Action|Adventure|Drama|', 'Ended', 'When FBI Agent Peter Connelly, recently stationed in Jerusalem, begins investigating the murder of a young American, he realizes that heâ€™s uncovered an ancient international conspiracy that threatens to change the course of human history. Certain that the dangerous prophecy is nearing fruition, Peter must race against the clock to unravel its mystery. From a remote farm in Norway, to an enigmatic compound in New Mexico, to the serpentine tunnels of Jerusalem, he searches for the truth, the revelation of which will shake the world''s beliefs to its very core.'),
(277462, 'Dominion', 1, 0.70, 2014, '2015-07-20', 2, 21, 40, 'Syfy', 'en', '|Action|Adventure|Drama|Fantasy|Horror|Science-Fic', 'Continuing', 'Dominion is an epic supernatural drama set in the near future. Specifically, 25 years after &quot;The Extinction War,&quot; when an army of lower angels, assembled by the archangel Gabriel, waged war against mankind. The archangel Michael, turning against his own kind, chose to side with humanity. Rising out of the ashes of this long battle are newly fortified cities which protect human survivors. At the center of the series is the city of Vega, a glistening empire that has formed from the ruins of what was once Las Vegas. '),
(272127, 'Extant', 3, 2.37, 2014, '2015-07-20', 2, 26, 60, 'CBS', 'en', '|Drama|Science-Fiction|Thriller|', 'Continuing', 'Extant is an American science fiction television drama series created by Mickey Fisher and executive produced by Steven Spielberg. The story revolves around astronaut Molly Woods (Halle Berry) who returns home to her family inexplicably pregnant after 13 months in outer space on a solo mission.'),
(278448, 'Eye Candy', 0, 0.00, 2015, '2015-07-20', 1, 10, 60, 'MTV (US)', 'en', '|Drama|Thriller|', 'Ended', 'Eye Candy centers on tech genius Lindy, who is persuaded by her roommate to begin online dating and begins to suspect that one of her mysterious suitors might be a deadly cyber stalker. When her friends at the elusive cyber-police uncover a potential serial killer in Manhattan, all signs point to one of Lindyâ€™s dates. Teaming up with this band of hackers, Lindy works to solve the murders while unleashing her own style of justice on the streets of New York City.'),
(82467, 'Eastbound &amp; Down', 1, 3.20, 2009, '2015-07-20', 4, 29, 30, 'HBO', 'en', '|Comedy|', 'Ended', 'Relief Pitcher Kenny Powers was poised to rule the Big Leagues, but two things got in his way: his fading fastball and his insufferable personality.  After a spectacular career flame-out, Kenny came home to Shelby, NC and picked up a job as a substitute gym teacher (mostly so his brother Dustin would stop threatening to kick him out).  He''s spent every moment since then cashing in the last of his dying fame while plotting his inevitable comeback...one beer at a time.'),
(269613, 'Fargo', 3, 3.07, 2014, '2015-07-20', 2, 19, 60, 'FX', 'en', '|Crime|Drama|Thriller|', 'Continuing', 'From the Coen brothers is a fresh story spun out of the world of the Oscar-winning film. A drifter named Lorne Malvo arrives in small-town Minnesota and influences the population with his malice and violence, including put-upon insurance salesman Lester Nygaard.'),
(290853, 'Fear the Walking Dead', 0, 0.00, 2015, '2015-07-20', 1, 1, 45, 'AMC', 'en', '|Drama|Horror|', 'Continuing', 'The Walking Dead spin-off, called Fear the Walking Dead, is an upcoming television series scheduled to air on AMC in 2015. It is a companion to the American post-apocalyptic horror drama television series The Walking Dead, itself developed by Frank Darabont and based on the comic book series of the same name by Robert Kirkman, Tony Moore, and Charlie Adlard. AMC greenlighted the pilot to series on March 9, 2015, with a two-season commitment.'),
(76290, '24', 7, 4.51, 2001, '2015-07-20', 9, 212, 60, 'FOX (US)', 'en', '|Action|Adventure|Drama|Thriller|', 'Ended', '&quot;24&quot; is a TV thriller presented in &quot;real time&quot; with each minute of airtime that corresponds to a minute in the lives of the characters. &quot;24&quot; employs fast-paced and complex stories, and often contains unexpected plot twists. Though each day''s events typically revolve around thwarting an impending terrorist attack, each season is made up of various interwoven story threads. These may run for just one hour, but more usually run over several hours. These typically involve investigations of leads on terrorists, tracking suspects, and averting attacks. The exact objective of the day evolves over the course of the season as the antagonists adapt, contingencies arise, and larger scale operations unfold.'),
(281535, 'Forever (2014)', 1, 3.10, 2014, '2015-07-20', 1, 22, 60, 'ABC (US)', 'en', '|Crime|Drama|Fantasy|Science-Fiction|', 'Ended', 'Dr. Henry Morgan is New York City''s star medical examiner, but what no one knows is Henry studies the dead for a reason: He is immortal. With the help of detective Jo Martinez, the show peels back the layers of Henry''s colorful and long life through their cases.'),
(281976, 'Fortitude', 0, 0.00, 2015, '2015-07-20', 1, 11, 45, 'Sky Atlantic', 'en', '|Crime|Drama|Mystery|Thriller|', 'Continuing', 'Violence comes to the isolated town of Fortitude in the Arctic Circle, one of the safest towns on Earth. As mysterious phenomena plague the town in the aftermath of a murder, the inhabitants realize that no one can be trusted... and all is not that it seems.'),
(284409, 'Glue', 1, 0.00, 2014, '2015-07-20', 1, 8, 45, 'E4', 'en', '|Crime|Drama|Mystery|', 'Ended', 'Overton is a tiny village in the English countryside, but all is not as it seems.'),
(274431, 'Gotham', 1, 4.60, 2014, '2015-07-20', 2, 23, 60, 'FOX (US)', 'en', '|Crime|Drama|Thriller|', 'Continuing', 'An action-drama series following rookie detective James Gordon as he battles villains and corruption in pre-Batman Gotham City.\n'),
(279201, 'Heroes Reborn', 1, 5.00, 2015, '2015-07-20', 1, 2, 60, 'NBC', 'en', '|Fantasy|Mini-Series|Science-Fiction|', 'Continuing', 'While in hiding, some are discovering their newfound skills. Awkward teen Tommy just wants to be normal and win the girl of his dreams, Emily, but normalcy is virtually impossible after learning of a new ability that terrifies him. Coming from a very sheltered upbringing, a bold and ethereal teenager, Malina, has been told she is destined for greatness. In Tokyo, a quiet and unique young woman, Miko, is trying to track down her missing father while hiding an extraordinary secret that will make her a force to be reckoned with. Elsewhere, a different type of hero is emerging through former soldier Carlos.\n\nMeanwhile, Erica, the head of the highly successful tech conglomerate Renautas, has an agenda of her own.\n\nFor better or for worse, some are fated to cross paths with assorted heroes of the past, including Hiro Nakamura, Matt Parkman, Mohinder Suresh and the Haitian, among others. Yet, together, their ultimate destiny is nothing less than saving the world and mankind.'),
(294973, 'Home Fires (2015)', 1, 4.10, 2015, '2015-07-20', 1, 6, 65, 'ITV', 'en', '|Action|Drama|Mini-Series|', 'Ended', 'Home Fires is a new six-part drama following a group of inspirational women in a rural Cheshire community with the shadow of World War II casting a dark cloud over their lives. \n \nThe isolated village couldnâ€™t feel further away from the impending bloodshed and battlefields and yet it is not immune from the effects of war. As the conflict takes hold, and separates the women from their husbands, fathers, sons and brothers, the characters find themselves under increasing and extraordinary pressures in a rapidly fragmenting world.\n \nBy banding together as the Great Paxford Womenâ€™s Institute, they help maintain the nationâ€™s fabric in its darkest hour, and discover inner resources that will change their lives forever.\n \nAcclaimed British actresses Francesca Annis and Samantha Bond lead an impressive ensemble cast including Ruth Gemmell (Utopia), Mark Bonnar (Line of Duty), Claire Rushbrook (Collision), Mark Bazeley (The Suspicions of Mr Whicher), Frances Grey (The Widower) and Ed Stoppard (Cilla).'),
(281620, 'How to Get Away with Murder', 3, 4.67, 2014, '2015-07-20', 2, 16, 45, 'ABC (US)', 'en', '|Crime|Drama|Mystery|Thriller|', 'Continuing', 'Annalise Keating is a brilliant, charismatic and seductive professor of defense law, who teaches a class called ''How to Get Away with Murder''. Unexpectedly, she and her students end up having to apply practical knowledge from the course when they become entangled in a murder plot that not only shakes the entire university to the core but also changes the course of each of their lives.'),
(283761, 'Kingdom (2014)', 0, 0.00, 2014, '2015-07-20', 1, 10, 60, 'Audience Network', 'en', '|Drama|Sport|', 'Continuing', 'Kingdom is a raw family drama set against the world of Mixed Martial Arts in Venice, California. Alvey Kulina owns Navy St. MMA with the help of his girlfriend Lisa Prince. He is willing to go through extraordinary means to make sure his fighters are taken care of, but all of this responsibility comes at a steep price. He has complicated relationships with both of his sons, Jay and Nate, who are both struggling with their own identities and places within Alveyâ€™s life and gym.'),
(265074, 'Legends (2014)', 0, 0.00, 2014, '2015-07-20', 2, 11, 60, 'TNT', 'en', '|Action|Adventure|Drama|', 'Continuing', 'Based on the award-winning book by master spy novelist Robert Littell, Legends stars Sean Bean (Game of Thrones, The Lord of the Rings) as Martin Odum, a FBI agent with the ability to transform himself into a different person for each job.'),
(264450, 'Legit (2013)', 0, 0.00, 2013, '2015-07-20', 2, 26, 30, 'FXX', 'en', '|Comedy|', 'Ended', '&quot;Legit&quot; stars Jim Jefferies as an edgy, foul-mouthed stand-up comedian from Australia, in his mid-30s and living in LA, endeavoring to make his life and career more â€œlegit,â€ only to find it a difficult, uncomfortable uphill struggle every step of the way. Jim is encouraged in his quest by Steve, his neurotic best friend and roommate, a cyber-law library salesman who struggles to stay on his feet in the wake of a divorce, and Steveâ€™s brother Billy, who suffers from advanced staged Muscular Dystrophy and is confined to a wheelchair.'),
(281662, 'Marvel''s Daredevil', 2, 3.50, 2015, '2015-07-20', 1, 13, 55, 'Netflix', 'en', '|Action|Crime|Drama|Fantasy|', 'Continuing', 'Blinded as a young boy but imbued with extraordinary senses, Matt Murdock fights against injustice by day as a lawyer, and by night as the Super Hero &quot;Daredevil&quot; in modern day Hell''s Kitchen, New York City.\n'),
(270915, 'Peaky Blinders', 1, 5.00, 2013, '2015-07-20', 2, 12, 60, 'BBC Two', 'en', '|Crime|Drama|', 'Continuing', 'A gangster family epic set in 1919 Birmingham, England and centered on a gang who sew razor blades in the peaks of their caps, and their fierce boss Tommy Shelby, who means to move up in the world.'),
(265766, 'Penny Dreadful', 2, 5.00, 2014, '2015-07-20', 2, 18, 55, 'Showtime', 'en', '|Drama|Fantasy|Horror|', 'Continuing', 'Penny Dreadful is a frightening psychological thriller that weaves together the monsters of classic stories. The explorer Sir Malcolm Murray, American gunslinger Ethan Chandler, Miss Vanessa Ives and others unite to combat supernatural threats in Victorian London. They encounter some of literature''s most terrifying characters, including Dr. Frankenstein, Dorian Gray, the Wolfman and iconic figures from the novel Dracula. '),
(281630, 'Scorpion', 1, 4.70, 2014, '2015-07-20', 2, 25, 60, 'CBS', 'en', '|Action|Crime|Drama|', 'Continuing', 'Eccentric genius, Walter O''Brien and his team of brilliant misfits comprise the last line of defense against complex, high-tech threats of the modern age. As Homeland Security''s new think tank, O''Brien''s ''Scorpion'' team includes Toby Curtis, an expert behaviorist who can read anyone; Happy Quinn, a mechanical prodigy; and Sylvester Dodd, a statistics guru. Pooling their extensive technological knowledge to solve mind-boggling predicaments amazes federal agent Cabe Gallo, who shares a harrowing history with O''Brien. However, while this socially awkward group is comfortable with each other''s humor and quirks, life outside their circle confounds them, so they rely on Paige Dineen, who has a young, gifted son, to translate the world for them, while also helping each other learn how to fit in.'),
(255316, 'Elementary', 2, 3.05, 2012, '2015-07-20', 4, 74, 60, 'CBS', 'en', '|Crime|Drama|Mystery|', 'Continuing', 'Following his fall from grace in London and a stint in rehab, eccentric Sherlock escapes to Manhattan where his wealthy father forces him to live with his worst nightmare â€“ a sober companion, Dr. Watson. A successful surgeon until she lost a patient and her license three years ago, Watson views her current job as another opportunity to help people, as well as paying a penance. Holmes resumes his work as a police consultant in New York City and Watson has no choice but to accompany her irascible new charge on his jobs. But Sherlock finds her medical background helpful, and Watson realizes she has a knack for playing investigator.\n\nWith the mischievous Sherlock Holmes now running free in New York solving crimes, itâ€™s simple deduction that heâ€™s going to need someone to keep him grounded, and itâ€™s elementary that itâ€™s a job for Watson.'),
(268156, 'Sense8', 2, 4.73, 2015, '2015-07-20', 1, 12, 55, 'Netflix', 'en', '|Drama|Science-Fiction|', 'Continuing', 'One gunshot, one death, one moment out of time that irrevocably links eight minds in disparate parts of the world, putting them in each other''s lives, each other''s secrets, and in terrible danger. Ordinary people suddenly reborn as &quot;Sensates.&quot;'),
(281697, 'Stalker', 1, 3.90, 2014, '2015-07-20', 1, 20, 45, 'CBS', 'en', '|Action|Crime|Drama|Thriller|', 'Ended', 'Det. Jack Larsen is a recent transfer to the Unit from New York City''s homicide division, whose confidence, strong personality and questionable behavior has landed him in trouble before - but whose past behavior may also prove valuable in his new job. His boss, Lt. Beth Davis, is strong, focused and an expert in the field, driven by her traumatic personal experience as a victim. With the rest of their team, young but eager Det. Ben Caldwell and deceptively smart Det. Janice Lawrence, Larsen and Davis assess the threat level of cases and respond before the stalking and intimidation spirals out of control, all while trying to keep their personal obsessions at bay.'),
(279121, 'The Flash (2014)', 2, 3.00, 2014, '2015-07-20', 2, 26, 60, 'The CW', 'en', '|Action|Adventure|Drama|Science-Fiction|', 'Continuing', 'After a particle accelerator causes a freak storm, CSI Investigator Barry Allen is struck by lightning and falls into a coma. Months later he awakens with the power of super speed, granting him the ability to move through Central City like an unseen guardian angel. Though initially excited by his newfound powers, Barry is shocked to discover he is not the only &quot;meta-human&quot; who was created in the wake of the accelerator explosion â€“ and not everyone is using their new powers for good. Barry partners with S.T.A.R. Labs and dedicates his life to protect the innocent. For now, only a few close friends and associates know that Barry is literally the fastest man alive, but it won''t be long before the world learns what Barry Allen has become... The Flash.'),
(272318, 'The Honourable Woman', 0, 0.00, 2014, '2015-07-20', 1, 8, 60, 'BBC Two', 'en', '|Drama|Mini-Series|Thriller|', 'Ended', 'Nessa Stein, the daughter of a Zionist arms procurer who as a child witnessed his assassination. Now an adult, Nessa inherits her father''s company and changes course from supplying arms to laying data cabling networks between Israel and the West Bank. Her efforts to reconcile the Israelis and Palestinians lands her an appointment to the House of Lords and creates an international political maelstrom.'),
(279977, 'The Knick', 0, 0.00, 2014, '2015-07-20', 1, 10, 50, 'Cinemax', 'en', '|Drama|', 'Continuing', 'Set in downtown New York in 1900, ''The Knick'' is a new Cinemax drama series from Academy Award and Emmy-winning director Steven Soderbergh. It is centered on the Knickerbocker Hospital and the groundbreaking surgeons, nurses and staff who work there, pushing the bounds of medicine in a time of astonishingly high mortality rates and zero antibiotics. '),
(79637, 'The Lost Room', 0, 0.00, 2006, '2015-07-20', 1, 3, 90, 'SciFi', 'en', '|Drama|Mini-Series|Science-Fiction|', 'Ended', 'The series revolves around the titular room and some of the everyday items from that room which possess unusual powers. The show''s protagonist, Joe Miller, is searching for these objects to rescue his daughter, Anna, who has disappeared inside the Room. Once a typical room at a 1960s motel along U.S. Route 66, the Lost Room exists outside of normal time and space since 1961, when what is only referred to as &quot;the Event&quot; took place.'),
(259866, 'Ray Donovan', 0, 0.00, 2013, '2015-07-20', 3, 36, 60, 'Showtime', 'en', '|Crime|Drama|', 'Continuing', 'Set in the sprawling mecca of the rich and famous, Ray Donovan does the dirty work for LA''s top power players. He is the go-to guy who makes the problems of the city''s celebrities, superstar athletes, and business moguls disappear. This powerful drama unfolds when his father is unexpectedly released from prison, setting off a chain of events that shakes the Donovan family to its core.'),
(276564, 'The Strain', 1, 2.50, 2014, '2015-07-20', 2, 26, 60, 'FX', 'en', '|Drama|Horror|', 'Continuing', 'The Strain is a high concept thriller that tells the story of Dr. Ephraim Goodweather, the head of the Center for Disease Control Canary Team in New York City. He and his team are called upon to investigate a mysterious viral outbreak with hallmarks of an ancient and evil strain of vampirism. As the strain spreads, Eph, his team, and an assembly of everyday New Yorkers, wage war for the fate of humanity itself.'),
(95021, 'The Middle', 2, 2.65, 2009, '2015-07-20', 7, 145, 30, 'ABC (US)', 'en', '|Comedy|', 'Continuing', 'Frankie Heck and her husband Mike have lived in Orson, Indiana, their whole lives. A man of few words (every one a zinger), Mike is a manager at the town quarry and Frankie is the third-best used car salesman (out of the three) at the local dealership. She may not be a high-powered career woman, but when it comes to her family, she''ll go to just about any length. And with kids like these, she had better. There''s Axl, her semi-nudist teenage son conceived while under the influence of Guns N'' Roses; Sue, the awkward teenage daughter who fails at everything... but with the utmost of gusto; and their seven-year-old son Brick, whose best friend is his backpack.\nSometimes it seems like everyone is trying to get to the top, or struggling not to hit bottom, but we think Frankie and her family will find a lot of love, and a lot of laughs, somewhere in &quot;The Middle&quot;.'),
(175001, 'Teen Wolf', 4, 3.03, 2011, '2015-07-21', 5, 70, 60, 'MTV (US)', 'en', '|Comedy|Drama|Fantasy|Horror|Science-Fiction|', 'Continuing', 'The series revolves around social outcast Scott McCall, a high school student living in the town of Beacon Hills. Scott''s life drastically changes when he is bitten by a werewolf, becoming one himself. He must henceforth learn to balance his problematic new identity with his day-to-day teenage life. The following characters are instrumental to his struggle: Stiles, his best friend; Allison, his love interest who comes from a family of werewolf hunters; and Derek, a mysterious werewolf with a dark past. Throughout the series, he strives to keep his loved ones safe while maintaining normal relationships with them.'),
(193131, 'Downton Abbey', 3, 3.63, 2010, '2015-07-21', 5, 39, 65, 'ITV', 'en', '|Drama|', 'Continuing', 'Downton Abbey depicts the lives of the aristocratic Crawley family and their servants in the post-Edwardian eraâ€”with great events in history having an effect on their lives and on the British social hierarchy. '),
(72164, 'The O.C.', 2, 3.25, 2003, '2015-07-27', 4, 92, 60, 'FOX (US)', 'en', '|Drama|', 'Ended', 'The O.C. is an idyllic paradise, a wealthy, harbour-front community where everything and everyone appears to be perfect. But beneath the surface is a world of shifting loyalties and identities, of kids living secret lives hidden from their parents, and of parents living secret lives hidden from their children. ''The O.C.'' tells the story of the Cohen, Cooper, and Nichol families, and Ryan Atwood, a troubled teen from the wrong side of the tracks, who is thrust into this world, and who will forever change the lives of the residents of The O.C.'),
(248646, 'Alcatraz', 1, 1.20, 2012, '2015-07-27', 1, 13, 60, 'FOX (US)', 'en', '|Action|Crime|Drama|Science-Fiction|', 'Ended', 'On March 21, 1963, the inmates and guards at Alcatraz prison mysteriously disappear. To cover up the problem, the government reported the prison has been closed because of unsafe conditions. A secret government unit was set up to find the prisoners. Now, in the present-day, the inmates begin returning - unaged and unaware of where they have spent the missing decades - and continue their criminal ways. They are acting out of character and appear to be searching for specific objects. A federal agent employs a police officer and a conspiracy theory novelist to help track them down.'),
(82825, 'How Not To Live Your Life', 1, 5.00, 2008, '2015-07-27', 3, 19, 30, 'BBC Three', 'en', '|Comedy|', 'Ended', 'Don is a single twentysomething who constantly fails to guide his way through life. His overactive mind doesn''t help things as it plays out scenes of what he shouldn''t say or do. When he moves into his recently deceased grandmother''s house, he meets Eddie: his Gran''s carer who doesn''t want to leave. To help pay his rent, he decides to get a roommate in the shape of his teenage sweetheart... '),
(79509, 'Day Break', 1, 3.40, 2006, '2015-07-27', 1, 13, 60, 'ABC (US)', 'en', '|Action|Adventure|Drama|', 'Ended', 'Today Detective Brett Hopper will be accused of shooting state attorney Alberto Garza. He will offer his rock solid alibi. He will realize he''s been framed. And he will run. Then, he will wake up and start the day over again.'),
(95491, 'The Vampire Diaries', 3, 2.17, 2009, '2015-07-27', 7, 134, 60, 'The CW', 'en', '|Drama|Fantasy|Horror|Romance|', 'Continuing', 'As the school year begins, Elena Gilbert is immediately drawn to a handsome and mysterious new student, Stefan Salvatore. Elena has no way of knowing that Stefan is a vampire struggling to live peacefully among humans, while his brother Damon is the embodiment of vampire violence and brutality.'),
(73244, 'The Office (US)', 2, 4.75, 2005, '2015-07-27', 9, 195, 30, 'NBC', 'en', '|Comedy|', 'Ended', 'A fresh and funny mockumentary-style glimpse into the daily interactions of the eccentric workers at the Dunder Mifflin paper supply company. This fast-paced comedy parodies contemporary American water-cooler culture.'),
(248868, 'Ringer', 0, 0.00, 2011, '2015-07-27', 1, 22, 60, 'The CW', 'en', '|Crime|Drama|Mystery|', 'Ended', 'Bridget goes on the run after witnessing a murder, hiding out by assuming the life of her wealthy identical twin sister Siobhan - only to learn that her sister''s seemingly idyllic life is just as complicated and dangerous as the one she''s trying to leave behind.'),
(146711, 'Pretty Little Liars', 2, 3.65, 2010, '2015-07-27', 6, 134, 60, 'ABC Family', 'en', '|Drama|Mystery|Thriller|', 'Continuing', 'Based on the Pretty Little Liars series of young adult novels by Sara Shepard, the series follows the lives of four girls â€” Spencer, Hanna, Aria, and Emily â€” whose clique falls apart after the disappearance of their queen bee, Alison. One year later, they begin receiving messages from someone using the name &quot;A&quot; who threatens to expose their secrets â€” including long-hidden ones they thought only Alison knew. The show stars Lucy Hale and Holly Marie Combs'),
(164301, 'Nikita', 2, 3.15, 2010, '2015-07-27', 4, 73, 60, 'The CW', 'en', '|Action|Adventure|Crime|Drama|', 'Ended', 'When she was a deeply troubled teenager, Nikita was rescued from death row and given a second chance by a secret U.S. agency known only as Division. What they didn''t tell her was that she was being trained as a spy and assassin. Having escaped Division, Nikita is seeking retribution and will stop at nothing to expose and destroy their covert operation. '),
(278125, 'NCIS: New Orleans', 0, 0.00, 2014, '2015-07-27', 2, 24, 60, 'CBS', 'en', '|Action|Adventure|Crime|Drama|', 'Continuing', 'The NCIS''s New Orleans field office investigates criminal cases affecting military personnel in The Big Easy, a city known for its music, entertainment and decadence. Leading the team is Special Agent Dwayne ''King'' Pride, a native of New Orleans who is driven by his need to do what is right. Working with him is Special Agent Christopher LaSalle, who plays hard but works harder; and Special Agent Meredith ''Merri'' Brody, a charismatic and tough interrogator who transferred from the Great Lakes office in search of a fresh start. Supporting them is coroner, Dr. Loretta Wade, who is as eccentric as she is smart. This colorful city that harbors a dark side is a magnet for service personnel on leave, and when overindulgence is followed by trouble, Pride''s team is at its best.'),
(73255, 'House', 4, 4.36, 2004, '2015-07-27', 8, 176, 60, 'FOX (US)', 'en', '|Comedy|Drama|Mystery|', 'Ended', 'Go deeper into the medical mysteries of House, TV''s most compelling drama. Hugh Laurie stars as the brilliant but sarcastic Dr. Gregory House, a maverick physician who is devoid of bedside manner. While his behavior can border on antisocial, Dr. House thrives on the challenge of solving the medical puzzles that other doctors give up on. Together with his hand-picked team of young medical experts, he''ll do whatever it takes in the race against the clock to solve the case.'),
(82046, 'Dollhouse', 2, 2.00, 2009, '2015-07-27', 2, 26, 60, 'FOX (US)', 'en', '|Action|Drama|Mystery|Science-Fiction|Thriller|', 'Ended', 'The show revolves around a corporation running numerous underground establishments across the globe which program individuals referred to as Actives with temporary personalities and skills. Wealthy clients hire Actives at great expense for various purposes. The series follows the Active known as Echo, on her journey towards self-awareness.'),
(82716, '90210', 3, 2.44, 2009, '2015-07-27', 5, 114, 60, 'The CW', 'en', '|Drama|Soap|', 'Ended', 'A Kansas family relocates to Beverly Hills, where their two children adapt to the infamous social drama of West Beverly Hills High.'),
(248741, '2 Broke Girls', 3, 3.42, 2011, '2015-07-27', 4, 94, 30, 'CBS', 'en', '|Comedy|', 'Continuing', 'A lot of girls move to New York City to &quot;make it&quot;. Max and Caroline are just trying to make their rent. In this fun, outrageous comedy series, two girls from very different backgrounds â€“ Max, poor from birth, and Caroline, born wealthy but down on her luck â€“ wind up as waitresses in the same colorful Brooklyn diner and strike up an unlikely friendship that could lead to a successful business venture. All they need to do is come up with $250,000 in start-up expenses. &quot;2 Broke Girls&quot; infuses the classic comedy with something new, current and young, proving life can be fun â€“ even if youâ€™re broke.'),
(108611, 'White Collar', 1, 5.00, 2009, '2015-07-27', 6, 81, 60, 'USA Network', 'en', '|Action|Adventure|Crime|Drama|', 'Ended', 'A white collar criminal agrees to help the FBI catch other white collar criminals using his expertise as an art and securities thief, counterfeiter, and conman.'),
(269750, 'Wayward Pines', 0, 0.00, 2015, '2015-07-27', 1, 10, 45, 'FOX (US)', 'en', '|Crime|Drama|', 'Continuing', 'Secret Service agent Ethan Burke arrives in the bucolic town of Wayward Pines, ID, on a mission to find two missing federal agents. But instead of answers, Ethan''s investigation only turns up more questions. What''s wrong with Wayward Pines? Each step closer to the truth takes Ethan further from the life he knew, from the husband and father he was, until he must face the terrifying reality that he may never get out of Wayward Pines alive.'),
(94971, 'V (2009)', 1, 3.80, 2009, '2015-07-27', 2, 22, 60, 'ABC (US)', 'en', '|Drama|Science-Fiction|Thriller|', 'Ended', 'An extraterrestrial race arrives on Earth with seemingly good intentions, only to slowly reveal their true machinations the more ingrained into society they become'),
(264991, 'Utopia', 1, 3.60, 2013, '2015-07-27', 2, 12, 55, 'Channel 4', 'en', '|Drama|Science-Fiction|Thriller|', 'Ended', 'The story follows a small group of people who find themselves in possession of the manuscript sequel of a cult graphic novel called The Utopia Experiments, which is rumoured to have predicted the worst disasters of the last century. This leads them to be targeted by an organisation known as The Network, which they must avoid to survive. Using the manuscript, they must uncover the meaning hidden in its pages before the disasters depicted become reality.'),
(264492, 'Under the Dome', 0, 0.00, 2013, '2015-07-27', 3, 39, 60, 'CBS', 'en', '|Drama|Horror|Mystery|Science-Fiction|', 'Continuing', 'An invisible and mysterious force field descends upon a small fictional town in the United States, trapping residents inside, cut off from the rest of civilization. The trapped townsfolk must discover the secrets and purpose of the &quot;dome&quot; and its origins, while coming to learn more than they ever knew about each other.'),
(270633, 'True Detective', 4, 4.53, 2014, '2015-07-27', 2, 16, 60, 'HBO', 'en', '|Crime|Drama|Mystery|', 'Continuing', 'An anthology series in which police investigations unearth the personal and professional secrets of those involved, both within and outside the law.'),
(248935, 'Touch (2012)', 1, 3.80, 2012, '2015-07-27', 2, 26, 60, 'FOX (US)', 'en', '|Drama|Mystery|Science-Fiction|', 'Ended', 'The show follows a group of unrelated characters. One of these is Martin Bohm (Kiefer Sutherland), a widower and a single father who is haunted by an inability to connect to his mute and severely autistic 10-year-old son, Jake. Martin has tried everything he could do in order to reach his son, but at no success. To spend his time, Jake has cast-off cell phones, disassembling them and manipulating the parts. This allows him to see the world in a different way entirely.'),
(260320, 'Top of the Lake', 1, 4.50, 2013, '2015-07-27', 1, 7, 45, 'SundanceTV', 'en', '|Crime|Drama|Mini-Series|', 'Continuing', 'When pregnant, 12-year-old Tui tries to kill herself in a freezing New Zealand lake, Detective Robin Griffin has plenty of questions for the girl. But when Tui suddenly disappears, Griffin finds herself knee-deep in small-town secrets. '),
(268591, 'The Tomorrow People (US)', 2, 3.00, 2013, '2015-07-27', 1, 22, 45, 'The CW', 'en', '|Action|Drama|Science-Fiction|', 'Ended', 'The story of several young people from around the world who represent the next stage in human evolution, possessing special powers, including the ability to teleport and communicate with each other telepathically. Together they work to defeat the forces of evil.'),
(266883, 'The Originals', 0, 0.00, 2013, '2015-07-27', 3, 45, 60, 'The CW', 'en', '|Action|Adventure|Drama|Fantasy|Horror|', 'Continuing', 'A spin-off from The Vampire Diaries and set in New Orleans, The Originals centers on the Mikaelson siblings, otherwise known as the world''s original vampires: Klaus (Joseph Morgan), Elijah (Daniel Gillies), and Rebekah (Claire Holt). Now Klaus must take down his protÃ©gÃ©, Marcel (Charles Michael Davis), who is now in charge of New Orleans, in order to re-take his city, as he originally built New Orleans. Klaus departed from the city after being chased down by his father Mikael, while it was being constructed and Marcel took charge. As Klaus has returned after many years, his ego has provoked him to become the king of the city. &quot;Every King needs an heir&quot; says Klaus, accepting the unborn child. The child is a first to be born to a hybrid (part vampire, part werewolf) and a werewolf (Hayley).'),
(256227, 'The Newsroom (2012)', 0, 0.00, 2012, '2015-07-27', 3, 25, 60, 'HBO', 'en', '|Drama|', 'Ended', 'The Newsroom is an American drama television series created and primarily written by Aaron Sorkin. The series chronicles the behind-the-scenes events at the fictional Atlantis Cable News (ACN) channel.  It features an ensemble cast including Jeff Daniels as anchor Will McAvoy, who, together with his staff set out to put on a news show &quot;in the face of corporate and commercial obstacles and their own personal entanglements.&quot;'),
(82459, 'The Mentalist', 3, 4.03, 2008, '2015-07-27', 7, 151, 60, 'CBS', 'en', '|Crime|Drama|Mystery|', 'Ended', 'When mentalist Patrick Jane insults a vengeful serial killer, Red John, his loved ones are brutally killed.  Faced with the horrifying consequences of misusing his gift for observation and misdirection, Jane lends his skills to the California Bureau of Investigation, all the while hoping that his connections within the CBI will give him the opportunity to track down and revenge himself upon Red John.'),
(269533, 'The Last Ship', 1, 4.20, 2014, '2015-07-27', 2, 23, 60, 'TNT', 'en', '|Action|Adventure|Fantasy|', 'Continuing', 'Their mission is simple: Find a cure. Stop the virus. Save the world. When a global pandemic wipes out eighty percent of the planet''s population, the crew of a lone naval destroyer must find a way to pull humanity from the brink of extinction. Executive Producer Michael Bay presents The Last Ship, starring Eric Dane, Rhona Mitra and Adam Baldwin.'),
(210171, 'The Killing (2011)', 0, 0.00, 2011, '2015-07-27', 4, 44, 60, 'Netflix', 'en', '|Crime|Drama|Mystery|Thriller|', 'Ended', 'From writer, executive producer and series showrunner Veena Sud (Cold Case), The Killing is based on the wildly successful Danish television series Forbrydelsen and tells the story of the murder of a young girl in Seattle and the subsequent police investigation.\n\nThe Killing ties together three distinct stories around a single murder including the detectives assigned to the case, the victim''s grieving family, and the suspects. Set in Seattle, the story also explores local politics as it follows politicians connected to the case. As the series unfolds, it becomes clear that there are no accidents; everyone has a secret, and while the characters think they''ve moved on, their past isn''t done with them.'),
(258744, 'The Following', 1, 4.50, 2013, '2015-07-27', 3, 45, 45, 'FOX (US)', 'en', '|Crime|Drama|Thriller|', 'Ended', 'Notorious serial killer Joe Carroll, after being found guilty of murdering 14 female students on the Virginia college campus where he taught literature, escapes from death row. The FBI calls former agent Ryan Hardy to consult on the case, as he was the one responsible for Carrollâ€™s capture in 2003. Ryan, working closely with an FBI team, including Mike Weston and FBI Specialist Debra Parker, piece together the ever-growing web of murders orchestrated by the devious Carroll.'),
(163531, 'The Event', 1, 4.30, 2010, '2015-07-27', 1, 22, 60, 'NBC', 'en', '|Action|Adventure|Drama|Science-Fiction|', 'Ended', 'The Event is an emotional, high-octane conspiracy thriller that follows Sean Walker, an everyman who investigates the mysterious disappearance of his would-be fiancÃ©e Leila, and unwittingly begins to expose the biggest cover-up in U.S. history.');
INSERT INTO `series` (`id`, `nom`, `nbmembres`, `note`, `annee`, `date_ajout`, `saison`, `Episodes`, `Format`, `Chaine`, `Langue`, `Genre`, `Statut`, `Overview`) VALUES
(269643, 'The Crazy Ones', 1, 4.70, 2013, '2015-07-27', 1, 22, 30, 'CBS', 'en', '|Comedy|', 'Ended', 'Academy Award winner Robin Williams returns to series television in THE CRAZY ONES, a single-camera workplace comedy about a larger-than-life advertising genius whose unorthodox methods and unpredictable behavior would get him fired... if he weren''t the boss. Simon Roberts is the head of a powerful agency, with the biggest clients and brands in the world, but even more important to him is having his daughter Sydney by his side. As his partner, Sydney is Simon''s exact opposite - focused, organized and eager to make a name for herself, but also too busy parenting her father, which she''d resent if he wasn''t so brilliant at what he does. Joining them in the firm are the dashing and talented Zach; art director Andrew, who''s as hard-working as he is neurotic; and the beautiful and deceptively smart assistant Lauren. With his team and his daughter behind him, Simon continues to set the advertising world on fire, and it looks like they are definitely buying what these crazy ones are selling.'),
(264085, 'The Bridge (2013)', 0, 0.00, 2013, '2015-07-27', 2, 26, 45, 'FX', 'en', '|Crime|Drama|', 'Ended', 'A present-day crime thriller exploring the tensions on the US-Mexico border. When an American judge known for her anti-immigration views is found dead on the bridge connecting El Paso and Juarez, Sonya Cross from El Paso PD must work with her Mexican counterpart from Chihuahua State Police, Marco Ruiz, to catch a serial killer operating on both sides of the border. Marco understands the slippery politics of Mexican law enforcement, and while his police force slowly succumbs to the pressures and demands of the cartel, he''s one of the last good men in the department. He''s charming, but will do whatever it takes to get what he needs -- which doesn''t sit well with Sonya, who has Asperger''s and strictly follows rules and protocol.\nThe case quickly pulls them into a string of murders on the border, a scene already consumed by illegal immigration, drug trafficking, violence and prostitution.'),
(266189, 'The Blacklist', 0, 0.00, 2013, '2015-07-27', 3, 46, 60, 'NBC', 'en', '|Action|Crime|Drama|Mystery|', 'Continuing', 'Raymond &quot;Red&quot; Reddington, one of the FBI''s most wanted fugitives, surrenders in person at FBI Headquarters in Washington, D.C. He claims that he and the FBI have the same interests: bringing down dangerous criminals and terrorists. In the last two decades, he''s made a list of criminals and terrorists that matter the most but the FBI cannot find because it does not know they exist. Reddington calls this &quot;The Blacklist&quot;.\nReddington will co-operate, but insists that he will speak only to Elizabeth Keen, a rookie FBI profiler.'),
(80379, 'The Big Bang Theory', 2, 3.85, 2007, '2015-07-27', 9, 184, 30, 'CBS', 'en', '|Comedy|', 'Continuing', 'What happens when hyperintelligent roommates Sheldon and Leonard meet Penny, a free-spirited beauty moving in next door, and realize they know next to nothing about life outside of the lab. Rounding out the crew are the smarmy Wolowitz, who thinks he''s as sexy as he is brainy, and Koothrappali, who suffers from an inability to speak in the presence of a woman.'),
(261690, 'The Americans (2013)', 0, 0.00, 2013, '2015-07-27', 3, 39, 45, 'FX', 'en', '|Crime|Drama|Mystery|Thriller|', 'Continuing', 'The Americans is a period drama about the complex marriage of two KGB spies posing as Americans in suburban Washington D.C. shortly after Ronald Reagan is elected President. The arranged marriage of Philip and Elizabeth Jennings, who have two children - 13-year-old Paige and 10-year-old Henry, who know nothing about their parents'' true identity - grows more passionate and genuine by the day, but is constantly tested by the escalation of the Cold War and the intimate, dangerous and darkly funny relationships they must maintain with a network of spies and informants under their control.'),
(229981, 'The Almighty Johnsons', 1, 2.00, 2011, '2015-07-27', 3, 37, 60, 'TV3', 'en', '|Comedy|Drama|Fantasy|', 'Ended', 'The Almighty Johnsons is a comedy-drama series about four brothers, raised in heartland New Zealand, who also happen to be the living incarnations of Norse Gods. They even have their own super-God-powers. Sort of - it''s just that their powers aren''t actually all that powerful. Well, not yet - but that could all change soon.'),
(268592, 'The 100', 1, 3.60, 2014, '2015-07-27', 3, 31, 60, 'The CW', 'en', '|Adventure|Drama|Science-Fiction|', 'Continuing', '100 years in the future Earth has been abandoned due to radioactivity. The last surviving humans live on an ark orbiting the planet - but the ark won''t last forever. So the repressive regime picks 100 expendable juvenile delinquents to send down to Earth to see if the planet is still habitable.'),
(164091, 'Terra Nova', 1, 2.00, 2011, '2015-07-27', 1, 11, 60, 'FOX (US)', 'en', '|Action|Adventure|Science-Fiction|Fantasy|', 'Ended', 'Terra Nova follows an ordinary family on an incredible journey back in time to prehistoric Earth as a small part of a daring experiment to save the human race. In the year 2149, the world is dying. The planet is overdeveloped and overcrowded, with the majority of plant and animal life extinct. The future of mankind is in jeopardy, and its only hope for survival is in the distant past.'),
(247808, 'Suits', 7, 3.96, 2011, '2015-07-27', 5, 68, 60, 'USA Network', 'en', '|Drama|', 'Continuing', 'Suits follows college drop-out Mike Ross, who accidentally lands a job with one of New York''s best legal closers, Harvey Specter. They soon become a winning team with Mike''s raw talent and photographic memory, and Mike soon reminds Harvey of why he went into the field of law in the first place.'),
(269604, 'Star-Crossed', 0, 0.00, 2014, '2015-07-27', 1, 13, 60, 'The CW', 'en', '|Drama|Science-Fiction|', 'Ended', 'Passion and politics threaten the peace and an epic romance ignites between a human girl and an alien boy when he and eight others of his kind (The Orion 9) are integrated into a suburban high school 10 years after they and hundreds of others landed on Earth and were immediately consigned to an internment camp where theyâ€™ve been imprisoned ever since.'),
(252115, 'Spy (2011)', 0, 0.00, 2011, '2015-07-27', 2, 16, 30, 'Sky1', 'en', '|Comedy|', 'Ended', 'Tim is in a custody battle with his ex-wife, when he quits his job. He applies for a job as a civil servant doing data entry, but discovers during the job interview that he has been offered a job as a trainee spy for MI5.'),
(129261, 'Spartacus', 4, 4.12, 2010, '2015-07-27', 3, 33, 60, 'Starz!', 'en', '|Action|Adventure|Drama|', 'Ended', 'Betrayed by the Romans. Forced into slavery. Reborn as a Gladiator. The classic tale of the Republicâ€™s most infamous rebel comes alive in the graphic and visceral new series, Spartacus: Blood and Sand. Torn from his homeland and the woman he loves, Spartacus is condemned to the brutal world of the arena where blood and death are primetime entertainment. But not all battles are fought upon the sands. Treachery, corruption, and the allure of sensual pleasures will constantly test Spartacus. To survive, he must become more than a man. More than a gladiator. He must become\na legend.'),
(269578, 'Sleepy Hollow', 1, 2.70, 2013, '2015-07-27', 3, 32, 60, 'FOX (US)', 'en', '|Drama|Fantasy|Horror|', 'Continuing', 'Ichabod Crane awakes from the throes of death 250 years in the future where he must solve a mystery dating back to the founding fathers. Due to a blood spell cast on a battlefield during the Revolution, the infamous headless horseman is revived along with Crane, and the murderous rider embarks on a bloody rampage in present-day Sleepy Hollow. Ichabod realizes that he must act quickly, for the headless horseman is only the first of the Four Horsemen of the Apocalypse. Detective Abbie Mills, a woman familiar with supernatural experiences, forms a bond with Crane as they try to stop an increasingly vicious cycle of evil.'),
(270019, 'Siberia', 1, 4.50, 2013, '2015-07-27', 1, 11, 60, 'NBC', 'en', '|Adventure|Drama|Thriller|', 'Ended', 'In 1908, a meteorite hit deep into the remote Siberian territory of Tunguska. Now, more than 100 years later, 16 contestants descend on Tunguska ignorant of the landâ€™s mysterious past. When a contestant is badly injured and no help arrives, the contestants are met with the chilling realisation that the strange occurrences are not part of the show. With their safety threatened, competing contestants must band together in an effort to survive.'),
(212961, 'Hell on Wheels', 0, 0.00, 2011, '2015-07-27', 5, 51, 60, 'AMC', 'en', '|Action|Adventure|Drama|Western|', 'Continuing', 'Hell on Wheels tells the epic story of post-Civil War America, focusing on a Confederate soldier (Mount) who sets out to exact revenge on the Union soldiers who have killed his wife. His journey takes him west to Hell on Wheels, a dangerous, raucous, lawless melting pot of a town that travels with and services the construction of the first transcontinental railroad, an engineering feat unprecedented for its time.'),
(248841, 'Scandal (2012)', 1, 4.70, 2012, '2015-07-27', 5, 70, 60, 'ABC (US)', 'en', '|Crime|Drama|Romance|Soap|', 'Continuing', 'A former media relations consultant to the President, Olivia Pope (Kerry Washington) dedicates her life to protecting and defending the public images of our nation''s elite. After leaving the White House, the power consultant opened her own firm, hoping to start a new chapter -- both professionally and personally -- but she can''t seem to completely cut ties with her past. Slowly it becomes apparent that her staff, who specialize in fixing the lives of other people, can''t quite fix the ones closest at hand -- their own.'),
(258823, 'Revolution', 1, 4.50, 2012, '2015-07-27', 2, 42, 60, 'NBC', 'en', '|Action|Adventure|Drama|Science-Fiction|', 'Ended', 'Our entire way of life depends on electricity. So what would happen if it just stopped working? Well, one day, like a switch turned off, the world is suddenly thrust back into the dark ages. Planes fall from the sky, hospitals shut down, and communication is impossible. And without any modern technology, who can tell us why? Now, 15 years later, life is back to what it once was long before the industrial revolution: families living in quiet cul-de-sacs, and when the sun goes down lanterns and candles are lit. Life is slower and sweeter. Or is it? On the fringes of small farming communities, danger lurks. And a young woman''s life is dramatically changed when a local militia arrives and kills her father, who mysteriously - and unbeknownst to her - had something to do with the blackout. This brutal encounter sets her and two unlikely companions off on a daring coming-of-age journey to find answers about the past in the hopes of reclaiming the future.'),
(269650, 'Resurrection', 0, 0.00, 2014, '2015-07-27', 2, 21, 60, 'ABC (US)', 'en', '|Drama|Fantasy|', 'Ended', 'The lives of the people of Arcadia, Missouri, are forever changed when their deceased loved ones return.'),
(269602, 'Reign (2013)', 1, 2.50, 2013, '2015-07-27', 3, 45, 45, 'The CW', 'en', '|Drama|', 'Continuing', 'Chronicles the rise to power of Mary Queen of Scots when she arrives in France as a 15-year-old, betrothed to Prince Francis, and with her three best friends as ladies-in-waiting. It details the secret history of survival at French Court amidst fierce foes, dark forces, and a world of sexual intrigue.'),
(164021, 'Raising Hope', 1, 3.50, 2010, '2015-07-27', 4, 88, 20, 'FOX (US)', 'en', '|Comedy|', 'Ended', 'At 23 years old, Jimmy Chance is going nowhere in life. He skims pools for a living, parties every night and still lives at home with his family, including his parents and his cousin, Mike. \nJimmy''s life takes a drastic turn when a chance romantic encounter with Lucy goes awry once he discovers she is a wanted felon. Months later, when Jimmy pays a visit to the local prison, he discovers Lucy gave birth to their baby, who he is now charged with raising.'),
(248742, 'Person of Interest', 3, 3.77, 2011, '2015-07-27', 4, 90, 60, 'CBS', 'en', '|Action|Adventure|Drama|Mystery|Thriller|', 'Continuing', 'Person of Interest is an American science fiction crime drama television series created for CBS by Jonathan Nolan, who serves as an executive producer alongside J.J. Abrams, Bryan Burk, and Greg Plageman. The series stars Jim Caviezel as John Reese, a presumed dead former CIA agent who is approached by a mysterious billionaire named Harold Finch (Michael Emerson) to prevent violent crimes before they happen by using an advanced surveillance system dubbed &quot;The Machine&quot;. Their unique brand of vigilante justice attracts the attention of two NYPD officers, Joss Carter (Taraji P. Henson) and Lionel Fusco (Kevin Chapman), whom Reese uses to his advantage as he investigates persons of interest. Reese and Finch are later aided by Samantha &quot;Root&quot; Groves (Amy Acker), a highly intelligent computer hacker and contract killer who the Machine later identifies as its &quot;analog interface&quot; and Sameen Shaw (Sarah Shahi), a former ISA assassin who unknowingly dealt with the &quot;relevant&quot; numbers found by the Machine.'),
(84912, 'Parks and Recreation', 4, 4.10, 2009, '2015-07-27', 7, 125, 30, 'NBC', 'en', '|Comedy|', 'Ended', 'The series follows Leslie Knope, the deputy head of the Parks and Recreation department in the fictional town of Pawnee, Indiana. Knope takes on a project with a nurse named Ann to turn a construction pit into a park, while trying to mentor a bored college-aged intern. However, Leslie must fight through the bureaucrats, problem neighbors, and developers in order to make her dream a reality, all while with a camera crew recording her every gaff and mishap.'),
(260315, 'Orphan Black', 2, 3.60, 2013, '2015-07-27', 3, 30, 60, 'Space', 'en', '|Action|Science-Fiction|Thriller|', 'Continuing', 'â€œOrphan Blackâ€ follows outsider, orphan and street-wise chameleon Sarah. After witnessing a womanâ€™s suicide, Sarah assumes the strangerâ€™s identity, who happens to look just like her. Expecting to solve all her problems by cleaning out the dead womanâ€™s savings, Sarah is instead thrust headlong into a kaleidoscopic mystery as she realizes the dizzying truth: she and the dead woman are clones.\n\nAs Sarah searches for answers, she discovers the chilling fact that there are more people like her out there - genetically identical individuals who were planted in unsuspecting birth parents and nurtured in completely different circumstances. With no idea who created the clones, sheâ€™ll need to discover the reason in a hurry as an assassin is killing them one by one.'),
(264586, 'Orange Is the New Black', 3, 3.53, 2013, '2015-07-27', 3, 39, 60, 'Netflix', 'en', '|Comedy|Crime|Drama|', 'Continuing', 'Piper Chapmanâ€™s wild past comes back to haunt her, resulting in her arrest and detention in a federal penitentiary. To pay her debt to society, Piper trades her comfortable New York life for an orange prison jumpsuit and finds unexpected conflict and camaraderie amidst an eccentric group of inmates.'),
(95011, 'Modern Family', 1, 3.00, 2009, '2015-07-27', 7, 145, 30, 'ABC (US)', 'en', '|Comedy|', 'Continuing', 'This mockumentary explores the many different types of a modern family through the stories of a gay couple, comprised of Mitchell and Cameron, and their daughter Lily, a straight couple, comprised of Phil and Claire, and their three kids, Haley, Alex, and Luke, and a multi-ethnic couple, which is comprised of Jay and Gloria, and her son Manny.'),
(124051, 'Misfits', 5, 3.82, 2009, '2015-07-27', 5, 37, 60, 'E4', 'en', '|Comedy|Drama|Science-Fiction|', 'Ended', 'A group of teenagers are sentenced to community service for past mistakes only to find their lives changed after a storm gives them strange new powers and new problems to overcome.'),
(269651, 'Mind Games (2014)', 0, 0.00, 2014, '2015-07-27', 1, 13, 60, 'ABC (US)', 'en', '|Drama|', 'Ended', 'Clark and Ross Edwards are brothers and partners in a unique agency committed to solving clientsâ€™ problems using the hard science of psychological manipulation. Clark is a former professor and a world-renowned expert in the field of human behavior. He has a checkered history due to bipolar disorder, which sometimes results in quirky, manic episodes. His older brother Ross is a slick con man who spent time in prison. Each in their own way knows what makes people tick. Drawing from the most cutting edge research in psychology, they can a tailor a plan to influence any situation. Itâ€™s a little bit science, a little bit con artistry plus a smattering of Jedi mind tricks. The brothers, along with their team of master manipulators are offering clients an alternative to fate.'),
(83123, 'Merlin', 1, 3.00, 2008, '2015-07-27', 5, 65, 60, 'BBC Three', 'en', '|Action|Adventure|Fantasy|', 'Ended', 'Merlin is a drama series based around the legends of the mythical wizard and his relationship with Prince Arthur. Set in the early days of their relationship, it shows the development of each in his respective field, finding his way on the path to future greatness.  Humour, danger and excitement abound, accompanied by mythical creatures, magic and of course much medieval swashbuckling.'),
(281485, 'Marvel''s Agent Carter', 2, 4.15, 2015, '2015-07-27', 1, 8, 60, 'ABC (US)', 'en', '|Action|Drama|Science-Fiction|Thriller|', 'Continuing', 'It''s 1946, and peace has dealt Peggy Carter a serious blow as she finds herself marginalized when the men return home from fighting abroad. Working for the covert SSR (Strategic Scientific Reserve), Peggy must balance doing administrative work and going on secret missions for Howard Stark all while trying to navigate life as a single woman in America, in the wake of losing the love of her life (Steve Rogers).'),
(263365, 'Marvel''s Agents of S.H.I.E.L.D.', 1, 4.10, 2013, '2015-07-27', 3, 45, 60, 'ABC (US)', 'en', '|Action|Adventure|Drama|Fantasy|Science-Fiction|', 'Continuing', 'Agent Phil Coulson of S.H.I.E.L.D. (Strategic Homeland Intervention, Enforcement and Logistics Division) puts together a team of agents to investigate the new, the strange and the unknown around the globe, protecting the ordinary from the extraordinary.'),
(159591, 'Luther', 2, 4.65, 2010, '2015-07-27', 3, 14, 60, 'BBC One', 'en', '|Crime|Drama|Suspense|', 'Continuing', 'A dark psychological crime drama starring Idris Elba as Luther, a man struggling with his own terrible demons, who might be as dangerous as the depraved murderers he hunts.'),
(253491, 'Longmire', 0, 0.00, 2012, '2015-07-27', 3, 33, 60, 'Netflix', 'en', '|Drama|Western|', 'Continuing', 'Walt Longmire is the dedicated and unflappable sheriff of Absaroka County, Wyoming. Widowed only a year, he is a man in psychic repair but buries his pain behind his brave face, unassuming grin and dry wit. '),
(83602, 'Lie to Me', 4, 3.58, 2009, '2015-07-27', 3, 48, 60, 'FOX (US)', 'en', '|Crime|Drama|', 'Ended', 'The service offered by The Lightman Group is truly unique. Simply stated, they can tell if you''re lying. It''s not the words you speak that give you away, it''s what your body and face have to say.\nDr. Cal Lightman and his team are experts at reading micro-expressions, the fleeting tics that express, non-verbally, what we are really feeling. With their finely honed interviewing and investigating skills, they have an uncanny ability to dig up the truth.'),
(255413, 'Last Resort', 1, 4.15, 2012, '2015-07-27', 1, 13, 60, 'ABC (US)', 'en', '|Drama|', 'Ended', '500 feet beneath the ocean''s surface, the U.S. ballistic missile submarine Colorado receives their orders. Through a radio channel designed to be used if the main base has been wiped out, they''re told to fire nuclear weapons at Pakistan. Captain Marcus Chaplin (Andre Braugher) demands confirmation of the orders only to be unceremoniously relieved of duty by the White House. XO Sam Kendal (Scott Speedman) suddenly finds himself in charge of the submarine and facing the same difficult decision. When he also refuses to fire without official confirmation of the orders, the Colorado is targeted, fired upon, and hit. With their submarine crippled, and their own nation against them, the crew of the Colorado must survive unprecedented odds and set up a base of operations on a nearby island. Armed with a cache of nuclear missiles and a team of Navy SEAL''s, this is their new home, and this is thei'),
(262296, 'Jo', 0, 0.00, 2013, '2015-07-27', 1, 8, 50, 'TF1', 'en', '|Crime|Drama|', 'Ended', 'The series (formerly known as â€œLe Grandâ€), shot in English entirely on location in Paris, stars Jean Reno as Joachim â€œJoâ€ St.-Clair, a veteran French detective tackling the cityâ€™s most challenging murder cases, each tied to an iconic Parisian location, including the Eiffel Tower, Notre Dame and the Catacombs.\nEmmy-winning producer RenÃ© Balcer (â€œLaw &amp; Orderâ€, â€œLaw &amp; Order: Criminal Intentâ€) serves as the showrunner of â€œJoâ€, which he created with Malina Detcheva and Franck Ollivier. Directors of the first season include Charlotte Sieling (â€œBron/Broenâ€ a.k.a. â€œThe Bridgeâ€), Stefan Schwartz (â€œDexterâ€) and Kristoffer Nyholm (â€œForbrydelsenâ€ a.k.a. â€œThe Killingâ€).'),
(267261, 'Ironside (2013)', 0, 0.00, 2013, '2015-07-27', 1, 9, 60, 'NBC', 'en', '|Action|Crime|Drama|Thriller|', 'Ended', 'In the gritty world of the NYPD, no oneâ€™s tougher than Det. Robert Ironside (Blair Underwood). Heâ€™s a fearless cop who wonâ€™t stop until the guilty are brought to justice. He and his trusted, handpicked team of specialists â€” Virgil, Holly and Teddy, as well as his former partner Gary and boss Det. Ed Rollins â€” will do whatever it takes to solve New Yorkâ€™s most difficult and notorious crimes. As a detective, Ironsideâ€™s instincts are second to none, and those around him have to stay on their toes if they want to keep upâ€¦ because when his spine was shattered by a bullet two years ago, Ironside swore heâ€™d never let a wheelchair slow him down. Nothing gets in his way.'),
(267260, 'Intelligence (2014)', 1, 4.00, 2014, '2015-07-27', 1, 13, 60, 'CBS', 'en', '|Action|Adventure|Drama|Science-Fiction|', 'Ended', 'A dramatic thriller about a high-tech intelligence operative enhanced with a super-computer microchip in his brain. With this implant, Gabriel is the first human ever to be connected directly into the worldwide information grid and have complete access to Internet, WiFi, telephone and satellite data. He can hack into any data center and access key intel in the fight to protect the United States from its enemies. '),
(259702, 'Hunted', 0, 0.00, 2012, '2015-07-27', 1, 8, 60, 'BBC One', 'en', '|Action|Drama|Thriller|', 'Ended', 'Samantha Hunter suspects someone within the private intelligence agency she works at tried to kill her and she seeks to uncover the person behind it.'),
(75760, 'How I Met Your Mother', 10, 4.35, 2005, '2015-07-27', 9, 208, 30, 'CBS', 'en', '|Comedy|Romance|', 'Ended', 'The year is 2030. Ted Mosby is relaying the story of how he met his wife to his daughter and son. The story starts in the year 2005, when then twenty-seven year old architect Ted was spurred on to want to get married after his best friends from his college days at Wesleyan, lawyer Marshall Eriksen, who was his roommate at the time and kindergarten teacher Lily Aldrin, got engaged after nine years of dating each other. Ted''s new quest in life was much to the dismay of his womanizing friend, Barney Stinson. But soon after Marshall and Lily''s engagement, Ted believed that his life mate was going to be news reporter and aspiring news anchor Robin Scherbatsky, who, despite having had a romantic relationship with her after this time, ended up being who the kids know as their &quot;Aunt&quot; Robin. As Ted relays the story to his kids, the constants are that their Uncle Marshall, Aunt Lily, Uncle Barney and Aunt Robin are always in the picture and thus have something to do with how he got together with their mother.'),
(262980, 'House of Cards (US)', 5, 4.32, 2013, '2015-07-27', 3, 39, 55, 'Netflix', 'en', '|Drama|', 'Continuing', 'Ruthless and cunning, Congressman Francis Underwood and his wife Claire stop at nothing to conquer everything. This wicked political drama penetrates the shadowy world of greed, sex and corruption in modern D.C.'),
(269642, 'Hostages', 1, 3.10, 2013, '2015-07-27', 1, 15, 60, 'CBS', 'en', '|Drama|Thriller|', 'Ended', 'A high-octane suspense drama that centers on Dr. Ellen Sanders, a premier surgeon thrust into a chilling political conspiracy when she and her family are held captive in their home by rogue FBI Agent Duncan Carlisle, a desperate man doing the wrong thing for the right reasons, who orders Dr. Sanders to assassinate the President when she operates on him.'),
(247897, 'Homeland', 9, 4.24, 2011, '2015-07-27', 5, 51, 55, 'Showtime', 'en', '|Crime|Drama|Suspense|Thriller|', 'Continuing', 'While in Iraq, Carrie Mathison, a Central Intelligence Agency operations officer, had been warned by an asset that an American prisoner of war had been turned by al-Qaeda. After conducting an unauthorized operation in Iraq, Carrie is put on probation and reassigned to the CIA''s Counter-terrorism Center in Langley, Virginia.'),
(259948, 'Hemlock Grove', 0, 0.00, 2013, '2015-07-27', 2, 23, 60, 'Netflix', 'en', '|Horror|Mystery|Science-Fiction|Thriller|', 'Continuing', 'The show examines the strange happenings in Hemlock Grove, a fictional town in Pennsylvania. Roman Godfrey, heir to the town''s wealthy Godfrey family, befriends the town''s newcomer, Peter Rumancek. Recent brutal murders in the town have stirred up rumors, and the two work together to shed light on the case while also hiding their own dark secrets.'),
(265912, 'Helix', 2, 2.50, 2014, '2015-07-27', 2, 26, 60, 'Syfy', 'en', '|Drama|Science-Fiction|Thriller|', 'Ended', 'A team of scientists from the Centre for Disease Control travel to a high tech research facility in the Arctic to investigate a possible disease outbreak, only to find themselves pulled into a terrifying life-and-death struggle that holds the key to mankind''s salvation...or total annihilation.'),
(248880, 'Hart of Dixie', 2, 2.00, 2011, '2015-07-27', 4, 76, 45, 'The CW', 'en', '|Comedy|Drama|Romance|', 'Ended', 'Fast-talking New Yorker and brand new doctor Zoe Hart has it all figured out - after graduating top of her class from medical school, she''ll follow in her father''s footsteps and become a cardio-thoracic surgeon. But when her dreams fall apart, Zoe decides to accept an offer from a stranger, Dr. Harley Wilkes, to work with him at his small practice in Bluebell, Alabama. Zoe arrives in this small Gulf Coast town only to find that Harley has passed away and left his half of the medical practice to her in his will.'),
(259063, 'Hannibal', 0, 0.00, 2013, '2015-07-27', 3, 39, 60, 'NBC', 'en', '|Crime|Drama|Horror|', 'Continuing', 'Both a gift and a curse, Will Graham has the extraordinary ability to think like his preyâ€”he sees what they see, feels what they feel. But while Graham is pursuing an especially troubling, cannibalistic murderer, Special Agent Jack Crawford teams him with a highly respected psychiatrist â€“ a man with a taste for the criminal minded â€“ Dr. Hannibal Lecter.'),
(260338, 'Graceland', 1, 3.50, 2013, '2015-07-27', 3, 38, 60, 'USA Network', 'en', '|Action|Crime|Drama|', 'Continuing', 'Somewhere in Southern California, in a drug raid run by the US government, a beachfront property was seized and turned into a residence for undercover cops. They are all top agents of the DEA, FBI, and Customs and they are living in this house unofficially known as &quot;Graceland&quot;. &quot;Graceland&quot; is a place full of secrets, and bad, good, and blurred moments too. The only idyllic thing is its outside look, but the lives of its residents are nothing like it. The lies which are in the base of their undercover work, are formed a web of lies that pervades everything. Coming of a new graduating at the top of his class, FBI rookie, Mike Warren (Aaron Tveit), could make the life of a legendary FBI agent Paul Briggs (Daniel Sunjata) and the others, more complicated or it could reveal the truth. It is based upon actual events.'),
(82066, 'Fringe', 1, 4.80, 2008, '2015-07-27', 5, 100, 60, 'FOX (US)', 'en', '|Crime|Drama|Mystery|Science-Fiction|Thriller|', 'Ended', 'The series follows a Federal Bureau of Investigation &quot;Fringe Division&quot; team based in Boston. The team uses unorthodox &quot;fringe&quot; science and FBI investigative techniques to investigate a series of unexplained, often ghastly occurrences, some of which are related to mysteries surrounding a parallel universe.'),
(84024, 'FlashForward', 2, 4.30, 2009, '2015-07-27', 1, 22, 60, 'ABC (US)', 'en', '|Drama|Science-Fiction|', 'Ended', 'A mysterious event causes nearly everyone on the planet to simultaneously lose consciousness for 137 seconds, during which people see what appear to be visions of their lives approximately six months in the future - a global &quot;flashforward.&quot; A team of Los Angeles FBI agents, led by Stanford Wedeckand spearheaded by Mark Benford and his partner Demetri Noh, begin the process of determining what happened, why, and whether it will happen again. Benford contributes a unique perspective on the investigation; in his flashforward, he saw the results of six months of investigation that he had done on the flashforward event, and he and his team use those clues to recreate the investigation.'),
(78874, 'Firefly', 0, 0.00, 2002, '2015-07-27', 1, 14, 60, 'FOX (US)', 'en', '|Drama|Science-Fiction|', 'Ended', 'In the far-distant future, Captain Malcolm &quot;Mal&quot; Reynolds is a renegade former brown-coat sergeant, now turned smuggler &amp; rogue, who is the commander of a small spacecraft, with a loyal hand-picked crew made up of the first mate, Zoe Warren; the pilot Hoban &quot;Wash&quot; Washburn; the gung-ho grunt Jayne Cobb; the engineer Kaylee Frye; the fugitives Dr. Simon Tam and his psychic sister River. Together, they travel the far reaches of space in search of food, money, and anything to live on.'),
(74543, 'Entourage', 6, 4.07, 2004, '2015-07-27', 8, 96, 30, 'HBO', 'en', '|Comedy|Drama|', 'Ended', 'Vincent Chase is a young actor whose career is on the rise. Joining him on his journey to stardom are his childhood buddies Eric, Turtle, his brother Johnny Drama and his hot-tempered agent Ari Gold. Together, they''ll navigate the highs and lows of Hollywood''s fast lane, where the stakes are higher -- and the money and temptations greater -- than ever before. '),
(205281, 'Falling Skies', 1, 2.60, 2011, '2015-07-27', 5, 52, 60, 'TNT', 'en', '|Action|Adventure|Science-Fiction|Thriller|', 'Continuing', 'The series tells the story of the aftermath of a global invasion by several races of extraterrestrials that neutralizes the world''s power grid and technology, quickly destroys the combined militaries of all the world''s countries, and apparently kills over 90% of the human population within a few days.'),
(269591, 'Enlisted', 0, 0.00, 2014, '2015-07-27', 1, 13, 30, 'FOX (US)', 'en', '|Comedy|', 'Ended', 'Enlisted is based on Kevin Biegel''s relationship with his siblings. The comedy follows three very different brothers working together in the Army at a small base in Florida.'),
(71663, 'The Simpsons', 3, 4.03, 1989, '2015-07-27', 9, 588, 30, 'FOX (US)', 'en', '|Animation|Comedy|', 'Continuing', 'Set in Springfield, the average American town, the show focuses on the antics and everyday adventures of the Simpson family; Homer, Marge, Bart, Lisa and Maggie, as well as a virtual cast of thousands. Since the beginning, the series has been a pop culture icon, attracting hundreds of celebrities to guest star. The show has also made name for itself in its fearless satirical take on politics, media and American life in general.'),
(79349, 'Dexter', 7, 3.77, 2006, '2015-07-28', 8, 96, 60, 'Showtime', 'en', '|Crime|Drama|Mystery|Suspense|Thriller|', 'Ended', 'He''s smart, he''s good looking, and he''s got a great sense of humor. He''s Dexter Morgan, everyone''s favorite serial killer. As a Miami forensics expert, he spends his days solving crimes, and nights committing them. But Dexter lives by a strict code of honor that is both his saving grace and lifelong burden. Torn between his deadly compulsion and his desire for true happiness, Dexter is a man in profound conflict with the world and himself.'),
(79126, 'The Wire', 1, 4.90, 2002, '2015-08-01', 5, 60, 60, 'HBO', 'en', '|Crime|Drama|', 'Ended', 'Unlike most television crime dramas, which neatly introduce and then solve a case all in the space of one hour, HBO''s THE WIRE follows one single drug and homicide investigation throughout the length of an entire season. Centered on the drug culture of inner-city Baltimore, the series'' storyline unfolds from the points of view of both the criminals lording the streets and the police officers determined to bring them down.'),
(70327, 'Buffy the Vampire Slayer', 1, 4.70, 1997, '2015-08-16', 7, 144, 60, 'The WB', 'en', '|Action|Adventure|Comedy|Drama|Fantasy|Horror|', 'Ended', 'In every generation there is a Chosen One. She alone will stand against the vampires, the demons and the forces of darkness. She is the Slayer.\n\nSarah Michelle Gellar stars as Buffy Summers, The Chosen One, the one girl in all the world with the strength and skill to fight the vampires. With the help of her close friends, Willow (Alyson Hannigan), Xander (Nicholas Brendon), and her Watcher Giles (Anthony Stewart Head) she balances slaying, family, friendships, and relationships.'),
(249598, 'Danse avec les Stars', 2, 3.25, 2011, '2015-08-18', 5, 42, 240, 'TF1', 'en', '|Reality|', 'Continuing', 'The French version of Strictly Come Dancing, Danse avec les stars (DALS) was first broadcast on TF1 on February 12, 2011, the participants having been selected in November 2010. The competition rules are similar to those of the original British version.'),
(80348, 'Chuck', 1, 5.00, 2007, '2015-08-18', 5, 91, 60, 'NBC', 'en', '|Action|Adventure|Comedy|Drama|', 'Ended', 'This high-concept action comedy follows Chuck Bartowski as the Buy More computer geek turned secret agent. When Chuck unwittingly downloads a database of government information and deadly fighting skills into his head, he becomes the CIA''s most vital secret. This sets Chuck on a path to become a full-fledged spy, assisted by the stoic Colonel John Casey; Chuck''s best friend, Morgan Grimes; and the CIA''s top agent (now Chuck''s wife) Sarah Walker. With the help of this unlikely team and his unorthodox techniques, Chuck is ready to take Operation Bartowski freelance. Chuck''s spy abilities will be put to a new test when he and his team must save mankind without the help of the CIA. Instead, they''ll use the cover of the Buy More electronics store to fund their own operations, leading to new missions, new stakes and new obstacles. With Chuck and Sarah as newlyweds and his family in on his secret, it has never been harder for Chuck to separate his spy life from his personal life.'),
(281256, 'Complications', 0, 0.00, 2015, '2015-08-18', 1, 10, 60, 'USA Network', 'en', '|Drama|Thriller|', 'Continuing', 'John Ellison, a disillusioned suburban ER doctor, finds his existence transformed when he intervenes in a drive-by shooting, saving a young boy''s life and killing one of his attackers. When John learns the boy is the son of an influential gang leader and is still a target, he is compelled to save him at any cost. John soon discovers that his own life â€“ and his outlook on medicine â€“ may never be the same.'),
(262368, 'Vikings (2012)', 0, 0.00, 2012, '2015-08-18', 1, 3, 60, 'BBC Two', 'en', '|Documentary|', 'Ended', 'History sees the Vikings as a band of bloodthirsty pirates, raiding peaceful Christian monasteries... and it''s true. The vikings took no prisoners, relished cruel retribution and prided themselves as fierce warriors. But their Prowess in battle is only the start of the story. Going on the trail of the real Vikings this series reveals an extraordinary story of a people who, from the brink of destruction, built an empire reaching around a qarter of the globe. Where did they come from? How did they really live? And what drove them to embark on such extraordinary voyages of discovery? Neil Oliver goes beyond their bloody reputation, from Iceland to Instanbul, to search for the truth about the Vikings.'),
(281342, 'Gomorrah', 0, 0.00, 2014, '2015-08-18', 1, 12, 50, 'Sky Atlantic', 'en', '|Action|Crime|Drama|', 'Continuing', 'A 12-episode long trip dwelving into the Savastano family affairs, an outstanding depiction of a world where you never know if the next morning is going to come and find you alive.'),
(193261, 'Borgen', 0, 0.00, 2010, '2015-08-18', 3, 30, 60, 'DR1', 'en', '|Drama|', 'Ended', 'Borgen (The Government) is a drama series about the fight for political power â€“ and about the personal sacrifices and consequences this has for those involved on and behind the political stage The central figure is the 40-year old political leader Birgitte Nyborg, who through her idealism and huge effort secures her party a landslide victory and thus faces the biggest challenge of her life: how most effectively to use the newly won seats, and how far she is willing to go in order to gain as much influence as possible. Privately, Birgitte leads a happy family life with her husband and two children. She is a woman with a burning commitment, a big heart and little time. Will she be able to be a successful and professional top politician and stay true to herself at the same time?'),
(250487, 'American Horror Story', 3, 3.83, 2011, '2015-08-18', 5, 56, 60, 'FX', 'en', '|Drama|Fantasy|Horror|Suspense|Thriller|', 'Continuing', 'American Horror Story is a horror-drama television franchise created and produced by Ryan Murphy and Brad Falchuk. Described as an anthology series, each season is conceived as a self-contained miniseries, following a disparate set of characters and settings, and a storyline with its own &quot;beginning, middle and end&quot;.'),
(75853, 'Monty Python''s Flying Circus', 1, 4.80, 1969, '2015-08-18', 4, 45, 30, 'BBC One', 'en', '|Comedy|', 'Ended', 'And now for something completely different: Monty Python''s Flying Circus was simply the most influential comedy program television has ever seen. Five Englishmen, all working under the constraints of conventional TV shows such as The Frost Report (for which the five Englishmen wrote), gathered together with an expatriate American in the spring of 1969 to break the rules. The result, first airing on BBC-1 on October 5, 1969, has influenced countless future men and women in the media and comedy since.'),
(74205, 'Band of Brothers', 2, 4.35, 2001, '2015-08-18', 1, 10, 60, 'HBO', 'en', '|Action|Adventure|Drama|Mini-Series|', 'Ended', 'The miniseries follows Easy Company, an army unit during World War II, from their initial training at Camp Toccoa to the conclusion of the war. The series is based on the book written by the late Stephen E. Ambrose. \n\nBand of Brothers is executive produced by Steven Spielberg and Tom Hanks, the series won 6 Emmy Awards. '),
(84947, 'Boardwalk Empire', 3, 4.38, 2010, '2015-08-18', 5, 56, 60, 'HBO', 'en', '|Crime|Drama|', 'Ended', 'Boardwalk Empire is a period drama focusing on Enoch &quot;Nucky&quot; Thompson (based on the historical Enoch L. Johnson), a political figure who rose to prominence and controlled Atlantic City, New Jersey, during the Prohibition period of the 1920s and 1930s. Nucky acts with historical characters in both his personal and political life, including mobsters, politicians, government agents, and the common folk who look up to him. The federal government also takes an interest in the bootlegging and other illegal activities in the area, sending agents to investigate possible mob connections but also looking at Nucky''s lifestyleâ€”expensive and lavish for a county political figure. The final season jumps ahead seven years, to 1931, as Prohibition nears its end.\n\n'),
(266609, 'Rectify', 0, 0.00, 2013, '2015-08-18', 3, 22, 45, 'SundanceTV', 'en', '|Drama|', 'Continuing', 'Rectify follows the life of Daniel Holden upon his release from jail after serving nineteen years on Georgia''s Death Row before DNA evidence disputed the State''s original case. Holden, who was only eighteen years of age when convicted and sentenced to die for the brutal rape and murder of a sixteen year old girl, returns to his family and to his hometown where the murder occurred and where many still believe he is guilty. Daniel spent all of his adult life waiting to die. Now he must learn how to live again or decide if he even wants to while others choose whether or not he will have that chance.'),
(267864, 'Generation War', 0, 0.00, 2013, '2015-08-18', 1, 3, 90, 'ZDF', 'en', '|Drama|Mini-Series|', 'Ended', 'Generation War: Our Mothers, Our Fathers.\nThe story of five German friends in the years from 1941 to 1945. Their friendship was meant to last their whole lives, but the war changed everything.'),
(267907, 'The Fosters (2013)', 0, 0.00, 2013, '2015-08-18', 3, 52, 60, 'ABC Family', 'en', '|Drama|Family|', 'Continuing', 'From executive producer Jennifer Lopez, &quot;The Fosters&quot; is a compelling drama about a multi-ethnic family mix of foster and biological kids being raised by two moms. Stef Foster, a dedicated police officer, and her partner Lena Foster, a school Vice Principal, have built a close-knit, loving family with Stef''s biological son from a previous marriage, Brandon, and their adopted twins, Mariana and Jesus. Their lives are disrupted in unexpected ways when Lena meets Callie, a hardened teen with an abusive past who has spent her life in and out of foster homes. Lena and Stef warily welcome Callie into their home thinking it''s just for a few weeks, until a more permanent placement can be found.\nWhat happens next will determine if Stef and Lena made the right choice in taking a chance on Callie, and whether they have room in their home - and their hearts - for one more.'),
(281617, 'Empire (2015)', 0, 0.00, 2015, '2015-08-18', 2, 18, 60, 'FOX (US)', 'en', '|Drama|Family|', 'Continuing', 'LUCIOUS LYON is the king of hip-hop. An immensely talented artist, the CEO of Empire Entertainment and a former street thug, his reign has been unchallenged for years. But all that changes, when he learns he has a disease that is going to render him crippled and incapacitated in a matter of three years. The clock is ticking, and he must groom one of his three sons to take over his crowning achievement, without destroying his already fractured family.'),
(274337, 'Looking', 0, 0.00, 2014, '2015-08-18', 2, 18, 30, 'HBO', 'en', '|Comedy|Drama|Romance|', 'Ended', 'The series revolves around three friends in San Francisco who explore the fun and sometimes overwhelming options available to a new generation of gay men.'),
(84946, 'Treme', 1, 4.50, 2010, '2015-08-18', 4, 36, 60, 'HBO', 'en', '|Drama|', 'Ended', 'TremÃ© takes its name from a neighborhood of New Orleans and portrays life in the aftermath of the 2005 hurricane. Beginning three months after Hurricane Katrina, the residents of New Orleans, including musicians, chefs, Mardi Gras Indians, and other New Orleanians struggle to rebuild their lives, their homes and their unique culture.'),
(251562, 'Bref.', 2, 4.25, 2011, '2015-08-18', 2, 82, 2, 'Canal+', 'en', '|Comedy|Mini-Series|', 'Ended', 'In life we are born, at the end we die. Between the two, things happens, in short, it is the story of a guy between the two.'),
(262414, 'Bates Motel', 1, 1.60, 2013, '2015-08-18', 3, 30, 60, 'A&amp;E', 'en', '|Crime|Drama|Horror|Mystery|Suspense|Thriller|', 'Continuing', 'After the death of her husband, Norma Bates buys a motel in the picturesque coastal town of White Pine Bay, giving herself and teenage son Norman a chance to begin anew. Shy Norman is reluctant at first, but with the help of his mother -- with whom he shares an intensely close relationship -- the boy begins to open up to others and make new friends. Some locals, however, aren''t as friendly and welcoming to the Bates, who discover that because White Pine Bay isn''t as peaceful as it appears, they are forced to do whatever it takes to survive.'),
(79168, 'Friends', 6, 4.42, 1994, '2015-08-18', 9, 236, 30, 'NBC', 'en', '|Comedy|', 'Ended', 'Six young people, on their own and struggling to survive in the real world, find the companionship, comfort and support they get from each other to be the perfect antidote to the pressures of life.'),
(277165, 'Silicon Valley', 1, 4.70, 2014, '2015-08-18', 3, 19, 30, 'HBO', 'en', '|Comedy|', 'Continuing', 'In the high-tech gold rush of modern Silicon Valley, the people most qualified to succeed are the least capable of handling success. A comedy partially inspired by Mike Judge''s own experiences as a Silicon Valley engineer in the late 1980s.'),
(211941, 'French Village', 0, 0.00, 2009, '2015-08-18', 6, 54, 55, 'France 3', 'en', '|Drama|', 'Continuing', 'A French village and its inhabitants go through the ups and (mainly) downs of the occupation by the German army from 1940 to 1945. The village doctor is assigned as mayor, and confronted with the challenges, dilemmas, and contradictory demands and situations. At the same time, there is a lot of personal interactions with a number of interesting characters.'),
(249361, 'Boss (2011)', 0, 0.00, 2011, '2015-08-18', 2, 18, 60, 'Starz!', 'en', '|Crime|Drama|', 'Ended', 'Ruthless politician Mayor Tom Kane (Kelsey Grammer) sits like a spider at the center of Chicago''s web of power. But underneath it all, Kane hides a crushing secret. His trusted advisors Kitty O''Neill (Kathleen Robertson) and Ezra Stone (Martin Donovan) know better than to ask questions. Kane''s wife Meredith (Connie Nielson) knows nothing. Only Emma (Hannah Ware), Kane''s estranged daughter, has a chance of uncovering the truth. This is going to be the toughest term yet for the Boss.'),
(261557, 'Masters of Sex', 1, 4.70, 2013, '2015-08-18', 3, 36, 60, 'Showtime', 'en', '|Drama|', 'Continuing', 'MASTERS OF SEX stars Michael Sheen and Lizzy Caplan, who portray the real-life pioneers of the science of human sexuality, William Masters and Virginia Johnson. The series chronicles the unusual lives, romance and pop culture trajectory of Masters and Johnson. Their research touched off the sexual revolution and took them from a mid-western teaching hospital in St. Louis to the cover of Time magazine.'),
(260485, 'Ripper Street', 0, 0.00, 2012, '2015-08-18', 3, 24, 60, 'BBC America', 'en', '|Drama|', 'Continuing', 'A drama set in the East End of London in 1889, during the aftermath of the &quot;Ripper&quot; murders. The action centres around the notorious H Division â€“ the police precinct from hell â€“ which is charged with keeping order in the chaotic streets of Whitechapel.\n\nRipper Street explores the lives of characters trying to recover from the Ripper''s legacy, from crimes that have not only irretrievably altered their lives, but the very fabric of their city. At the drama''s heart our detectives try to bring a little light into the dark world they inhabit.'),
(148581, 'Strike Back', 1, 3.10, 2010, '2015-08-18', 5, 46, 45, 'Sky1', 'en', '|Action|Adventure|Drama|', 'Ended', 'Strike Back is a British/American action and military television series, based on a novel of the same name by novelist and former Special Air Service (SAS) soldier Chris Ryan. The series follows the actions of Section 20, a secretive branch of the British Defence Intelligence service (DI), who operate several high risk, priority missions throughout the globe. '),
(258107, 'The Fall', 0, 0.00, 2013, '2015-08-18', 2, 11, 60, 'BBC Two', 'en', '|Drama|Thriller|', 'Continuing', 'Detective Superintendent Stella Gibson is brought in from the London Metropolitan Police to help catch the killer when a murder in Belfast remains unsolved.\n\nAs Gibson travels across from London, we are introduced to the murderer himself; Paul Spector.'),
(248503, 'The Hour (2011)', 0, 0.00, 2011, '2015-08-18', 2, 12, 60, 'BBC Two', 'en', '|Drama|', 'Ended', 'With a highly competitive, sharp-witted and passionate love triangle at the heart of the series, it is through the lens of the lives of enigmatic Bel and her rivals, Freddie and Hector, that viewers witness the decade at its most exciting â€“ from the ruthless sexual politics behind the polite social faÃ§ade to the revelations that redefined the world for a new generation. Over the six episodes, Abi explores the interplay and intense ambitions between our rising news team.'),
(229071, 'The Promise', 0, 0.00, 2011, '2015-08-18', 1, 4, 90, 'Channel 4', 'en', '|Drama|', 'Ended', 'The Promise is a drama series which following the lives of an 18-year-old Londoner as she visits present-day Israel and her grandfather, a soldier in the British peace-keeping force during 1940s Palestine. '),
(277169, 'Faking It (2014)', 0, 0.00, 2014, '2015-08-18', 3, 22, 25, 'MTV (US)', 'en', '|Comedy|Drama|Romance|', 'Continuing', 'A romantic comedy about two best friends who love each other â€“ in slightly different ways. After numerous failed attempts to become popular, the girls are mistakenly outed as lesbians, which launches them to instant celebrity status. Seduced by their newfound fame, Karma and Amy decide to keep up their romantic ruse. ');
INSERT INTO `series` (`id`, `nom`, `nbmembres`, `note`, `annee`, `date_ajout`, `saison`, `Episodes`, `Format`, `Chaine`, `Langue`, `Genre`, `Statut`, `Overview`) VALUES
(73800, 'Desperate Housewives', 6, 3.20, 2004, '2015-08-18', 8, 180, 60, 'ABC (US)', 'en', '|Comedy|Drama|', 'Ended', 'In the town of Fairview there''s a street called Wisteria Lane; a peaceful cul-de-sac with manicured lawns and beautiful houses. It''s a place where you know all your neighbors and your neighbors know all about you. It''s the perfect suburban fantasy.\n\nBut, behind every picket fence there are secrets. And, in every seemingly happy home, you''ll find jealousy, lust, passion, and sometimes... murder.'),
(73838, 'Malcolm in the Middle', 5, 4.36, 2000, '2015-08-18', 7, 151, 30, 'FOX (US)', 'en', '|Comedy|', 'Ended', 'Created and executive-produced by Emmy Award-winning writer Linwood Boomer, this inventive half-hour series is seen through the eyes of MALCOLM (Frankie Muniz), a regular high school kid trying to navigate his way through life despite the various obstacles thrown in his way  a complete misunderstanding of girls, the constant burden of masterminding plans to get himself and his brothers into or out of trouble, and a miserable job at the Lucky Aide not to mention a severe case of teen angst. Although Malcolm has a genius IQ, he can''t seem to make sense of the opposite sex, much less his embarrassing family. LOIS (Jane Kaczmarek) is the outspoken, opinionated mom, who still manages to rule the roost even though her boys are growing wise to her crafty ways. HAL (Bryan Cranston), a dad who is just a bumbling, big kid at heart, often finds himself creating more chaos than his five boys combined. REESE (Justin Berfield) has mastered the art of a perfect blank stare, and makes up for hi'),
(79689, 'The Killing', 1, 5.00, 2007, '2015-08-18', 3, 40, 60, 'DR1', 'en', '|Crime|Drama|Suspense|', 'Ended', 'Danish crime drama series which follows the police investigation of one specific case, day by day, with each hour-long episode covering 24 hours of the investigation.'),
(256233, 'Hatfields &amp; McCoys', 0, 0.00, 2012, '2015-08-18', 1, 3, 100, 'History', 'en', '|Drama|Mini-Series|Western|', 'Ended', 'A clash of clans that evoked great passion, vengeance, courage, sacrifice, crimes and accusations, which changed the families and the history of the region forever. The Hatfield-McCoy saga begins with ''Devil'' Anse Hatfield and Randall McCoy. Close friends and comrades until near the end of the Civil War, they return to their neighboring homes - Hatfield in West Virginia, McCoy just across the Tug River border in Kentucky - to increasing tensions, misunderstandings and resentments that soon explode into all-out warfare between the families. As hostilities grow, friends, neighbors and outside forces join the fight, bringing the two states to the brink of another Civil War.'),
(258602, 'Baby Daddy', 0, 0.00, 2012, '2015-08-18', 4, 69, 30, 'ABC Family', 'en', '|Comedy|', 'Continuing', 'A 20-something bachelor bartender becomes an unlikely parent when an ex-girlfriend leaves a baby girl on his doorstep.\n'),
(261802, 'Devious Maids', 1, 4.00, 2013, '2015-08-18', 3, 39, 45, 'Lifetime', 'en', '|Comedy|Drama|', 'Continuing', 'The series centers on four Latina maids working in the homes of Beverly Hillsâ€™ wealthiest and most powerful families, and a newcomer who made it personal after a maid was murdered and determined to uncover the truth behind her demise, and in the process become an ally in their lives.'),
(261742, 'In the Flesh', 0, 0.00, 2013, '2015-08-18', 2, 9, 60, 'BBC Three', 'en', '|Drama|Horror|Science-Fiction|', 'Ended', 'Set in the fictional village of Roarton (Lancashire, England) after The Rising, in which teenager Kieren Walker was re-animated along with thousands of people who died in the year 2009. There quickly followed ''The Pale Wars'' in which the zombies were hunted and killed by armed bands of militia. After months of rehabilitation and medication, the zombies (now referred to as partially deceased syndrome (PDS) patients by the government, but pejoratively known as &quot;rotters&quot;) are judged ready to return to society, their homes and families. They are given cosmetics and contact lenses, so they can ''pass,'' and to conceal their partially deceased status. They must maintain a strict program of medication to avoid going &quot;rabid&quot; again, which is one injection a day. Many are haunted by returning memories of the atrocities they committed while rabid. In the extremist village of Roarton, PDS sufferers face prejudice from the villagers upon their return.'),
(272135, 'TURN: Washington''s Spies', 0, 0.00, 2014, '2015-08-18', 2, 20, 45, 'AMC', 'en', '|Adventure|Drama|', 'Continuing', 'Follows New York farmer, Abe Woodhull, who bands together with a group of childhood friends to form The Culper Ring, an unlikely group of spies who turn the tide in America''s fight for independence.'),
(182061, 'Lost Girl', 1, 2.40, 2010, '2015-08-18', 5, 71, 45, 'Showcase (CA)', 'en', '|Crime|Drama|Fantasy|Horror|', 'Continuing', 'Lost Girl focuses on the gorgeous and charismatic Bo, a supernatural being called a succubus who feeds on the energy of humans, sometimes with fatal results. Refusing to embrace her supernatural clan and its rigid hierarchy, Bo is a renegade who takes up the fight for the underdog while searching for the truth about her own mysterious origins.'),
(248682, 'New Girl', 1, 3.60, 2011, '2015-08-18', 4, 94, 30, 'FOX (US)', 'en', '|Comedy|', 'Continuing', 'Jessica Day is an offbeat and adorable girl in her late 20s who, after a bad breakup, moves in with three single guys. Goofy, positive, vulnerable and honest to a fault, Jess has faith in people, even when she shouldn''t. Although she''s dorky and awkward, she''s comfortable in her own skin. More prone to friendships with women, she''s not used to hanging with the boys--especially at home.'),
(76107, 'Doctor Who', 1, 4.00, 1963, '2015-08-18', 9, 704, 25, 'BBC One', 'en', '|Action|Adventure|Science-Fiction|', 'Ended', 'Doctor Who is the longest-running science fiction TV series in history, airing initially from 1963 to 1989.  Doctor Who is about ideas.  It pioneered sophisticated mixed-level storytelling. Its format was the key to its longevity: the Doctor, a mysterious traveller in space and time, travels in his ship, the TARDIS.  The TARDIS can take him and his companions anywhere in time and space. Inevitably he finds evil at work wherever he goes...'),
(211751, 'Workaholics', 2, 3.70, 2011, '2015-08-18', 5, 66, 30, 'Comedy Central', 'en', '|Comedy|', 'Continuing', 'A single-camera comedy that features three friends who work together from 9 to 5, live together from 5 to 9 and party together 24/7. Dress codes, deadlines and waking up before noon are not things these guys are used to. They work as telemarketers and sometimes they even do their jobs well, but they show up late, leave drunk and always live for the dayâ€¦even if they donâ€™t know what day it is. Whether they''re hanging out at their house in Rancho Cucamonga or getting ready to rage at a Renaissance Faire, the guys find trouble wherever they go.'),
(278989, 'Workaholics: The Other Cubicle', 0, 0.00, 2012, '2015-08-18', 1, 6, 3, 'Comedy Central', 'en', '|Comedy|', '', 'Keep up with Montez, Jet Set and Waymond in The Other Cubicle.'),
(81670, 'Murdoch Mysteries', 0, 0.00, 2008, '2015-08-18', 9, 116, 60, 'CBC (CA)', 'en', '|Crime|Drama|Suspense|', 'Continuing', 'A Victorian-era Toronto detective uses then-cutting edge forensic techniques to solve crimes, with the assistance of a female coroner who is also struggling for recognition in the face of tradition, based on the books by Maureen Jennings.'),
(95451, 'The Good Wife', 0, 0.00, 2009, '2015-08-18', 7, 135, 60, 'CBS', 'en', '|Crime|Drama|Mystery|', 'Continuing', 'The Good Wife is a drama starring Emmy Award winner Julianna Margulies as a wife and mother who must assume full responsibility for her family and re-enter the workforce after her husband''s very public sex and political corruption scandal lands him in jail.'),
(247773, 'Switched at Birth', 2, 3.25, 2011, '2015-08-18', 4, 93, 60, 'ABC Family', 'en', '|Drama|Family|', 'Continuing', 'Switched at Birth, a one-hour scripted drama, tells the story of two teenage girls who discover they were accidentally switched as newborns in the hospital. Bay Kennish grew up in a wealthy family with two parents and a brother, while Daphne Vasquez, who lost her hearing at an early age due to a case of meningitis, grew up with a single mother in a working-class neighborhood. Things come to a dramatic head when both families meet and struggle to learn how to live together for the sake of the girls.'),
(163561, 'Outsourced', 0, 0.00, 2010, '2015-08-18', 1, 22, 30, 'NBC', 'en', '|Comedy|', 'Ended', 'Mid America Novelties sells products like whoopee cushions, foam fingers, and wallets made of bacon. Yes, this is the stuff upon which the American way of life is built, but try explaining that to someone who lives on the other side of the world.\n\nWell, that''s exactly what Todd Dempsy must do when he''s sent to run the company''s call center in India. Talk about culture shock, and not just for Todd''s employees. While Todd has to teach them how to make the up-sell to the Deluxe Twin Beer Helmet, he''s going to have to adapt as well. Like in a country where cows are sacred, perhaps you don''t order a double cheeseburger. Wish him luck. Or as they say in India, Saubhagya.'),
(249882, 'Awkward.', 4, 1.73, 2011, '2015-08-18', 5, 89, 30, 'MTV (US)', 'en', '|Comedy|Drama|Romance|', 'Continuing', '&quot;Awkward&quot; takes an irreverent look at the conflict, chaos and humor that defines teenage life through the eyes of 15-year-old Jenna Hamilton (Ashley Rickards) whose life begins to change when a simple accident becomes an epic misunderstanding and is blown way out of proportion.\nNarrated in the first-person voice of Jenna''s blog posts, &quot;Awkward.&quot; captures the humor within the struggles and experiences everyone can relate to from their formative years. The series picks up in the aftermath of the accident as she must deal with a new not-so-fun stigma, while at the same time managing the other daily drama that comes with being a teenager. From a secret relationship with a popular guy, to being undermined by a mean girl, and parents who just don''t get it-Jenna''s misfortune will eventually serve as the catalyst for amazing change, but it''s not without some missteps and mishaps along the way.'),
(219621, 'House of Anubis', 0, 0.00, 2011, '2015-08-18', 3, 111, 30, 'Nickelodeon', 'en', '|Science-Fiction|Fantasy|', 'Ended', 'The hit series known around the world comes to US television. At an exclusive boarding school in England a girl named Joy goes missing. And taking her place is American named Nina. Patricia, who now has to share a room with Nina thunks Nina has something to do with it. But, there are more secrets to be uncovered in house of Anubis.'),
(236061, 'X-Men (2011)', 0, 0.00, 2011, '2015-08-18', 1, 12, 25, 'G4', 'en', '|Action|Adventure|Animation|Science-Fiction|Fantas', 'Ended', 'The X-Men are reunited following the death of a teammate, and are summoned by Charles Xavier to Japan following the abduction of Hisako Ichiki (Armor). There, they confront the U-Men, a lunatic cult that steals and transplants mutant organs to further strengthen their own army, and the battle for justice is on.'),
(80337, 'Mad Men', 4, 4.88, 2007, '2015-08-18', 7, 92, 60, 'AMC', 'en', '|Drama|', 'Ended', 'In 1960s New York, alpha male Don Draper struggles to stay on top of the heap in the high-pressure world of Madison Avenue advertising firms. Aside from being one of the top ad men in the business, Don is also a family man, the father of young children.'),
(276562, 'Power', 0, 0.00, 2014, '2015-08-18', 3, 19, 60, 'Starz!', 'en', '|Drama|', 'Continuing', 'James â€œGhostâ€ St. Patrick has it all: a beautiful wife, a gorgeous Manhattan penthouse, and the hottest, up-and-coming new nightclub in New York. His club, Truth, caters to the elite: the famous and infamous boldface names that run the city that never sleeps. As its success grows, so do Ghostâ€™s plans to build an empire. However, Truth hides an ugly reality. Itâ€™s a front for Ghostâ€™s criminal underworld; a lucrative drug network, serving only the wealthy and powerful.\n\nAs Ghost is seduced by the prospect of a legitimate life, everything precious to him becomes unknowingly threatened. Once youâ€™re in, can you ever get out?'),
(269689, 'The Leftovers', 0, 0.00, 2014, '2015-08-18', 2, 20, 60, 'HBO', 'en', '|Drama|Fantasy|Mystery|', 'Continuing', 'When 2% of the worldâ€™s population abruptly disappears without explanation, the world struggles to come to terms with what happened. Three years later, the HBO drama series, ''The Leftovers'' is the story of the people who didnâ€™t make the cut.'),
(266091, 'Marco Polo (2014)', 1, 4.30, 2014, '2015-08-18', 1, 10, 60, 'Netflix', 'en', '|Action|Adventure|Drama|Fantasy|', 'Continuing', 'In a world replete with greed, betrayal, sexual intrigue and rivalry, &quot;Marco Polo&quot; is based on the famed explorer''s adventures in Kublai Khan''s court in 13th century China. The show stars Italian newcomer Lorenzo Richelmy as Marco. Best known for her role in The Wachowskis'' Cloud Atlas, the Beijing-born Zhu Zhu plays Marcoâ€™s love interest Kokachin. Joan Chen (Twin Peaks) and Benedict Wong (Prometheus) also star in the show''s global cast as Empress Chabi and Kublai Khan.'),
(255888, 'Kaboul Kitchen', 2, 3.15, 2012, '2015-08-18', 2, 24, 25, 'Canal+', 'en', '|Comedy|', 'Continuing', 'Afghanistan 2005. George Bush is the President of the United States, Jacques Chirac is the president of France and Jacky (Gilbert Melki), patron of the restaurant &quot;Kitchen Kabul.&quot; All expatriates in Kabul come here to party. When his daughter arrives, Jacky does not recognize her because he has not seen her for 20 years. She came to do humanitarian work. It is there to make money ...'),
(248736, 'Grimm', 2, 2.85, 2011, '2015-08-18', 5, 93, 60, 'NBC', 'en', '|Action|Crime|Drama|Fantasy|Horror|Suspense|', 'Continuing', 'Nick Burkhardt thought he prepared himself for the realities of working as a homicide detective until he started seeing things he couldn''t explain. Nick''s life turns upside down when his Aunt Marie reveals they are descendants of an elite group of hunters,  known as &quot;Grimms,&quot; who fight to keep humanity safe from supernatural creatures. As Nick digs deeper into her past, he realizes that he will have to shoulder the responsibility of his ancestors.'),
(270439, 'The Affair', 2, 4.10, 2014, '2015-08-18', 2, 11, 50, 'Showtime', 'en', '|Drama|', 'Continuing', 'At once deeply observed and intriguingly elusive, The Affair explores the emotional effects of an extramarital relationship. Noah is a New York City schoolteacher and novelist who is happily married, but resents his dependence on his wealthy father-in-law. Alison is a young waitress trying to piece her life and marriage back together in the wake of a tragedy. Set in Montauk at the end of Long Island, the provocative drama unfolds separately from both the male and female perspectives, using the distinct memory biases of both to tell the story.'),
(211681, 'Mildred Pierce', 0, 0.00, 2011, '2015-08-18', 1, 5, 60, 'HBO', 'en', '|Drama|Mini-Series|', 'Ended', 'Set in Glendale, California, in the 1930s, this is the story of middle-class housewife Mildred Pierce''s attempts to maintain her and her family''s social position during the Great Depression.\n\nMildred Pierce is a five-part miniseries that first aired on HBO on March 27, 2011. Adapted from James M. Cain''s 1941 novel, it was directed by Todd Haynes and stars Kate Winslet in the title role, alongside Guy Pearce and Evan Rachel Wood. Carter Burwell wrote the original score for the miniseries.'),
(70682, 'Oz', 0, 0.00, 1997, '2015-08-18', 6, 56, 60, 'HBO', 'en', '|Drama|', 'Ended', 'OZ is set deep inside the Oswald Maximum Security Prison, in an experimental unit known as Emerald City. Em City focuses on prisoner rehabilitation over public retribution. There''s one set of rules from the outside looking in, and another once you''re inside. Every group - Muslims, Latinos, Italians, Aryans - stick close to their mutual friends and terrorizes their mutual enemies.'),
(72023, 'Deadwood', 0, 0.00, 2004, '2015-08-18', 3, 36, 60, 'HBO', 'en', '|Crime|Drama|Western|', 'Ended', 'In the Black Hills Indian Cession, the town of Deadwood is a settlement violating treaty obligations; a violent and uncivilized outpost that attracts outlaws and entrepreneurs, ex-soldiers and racketeers, Chinese laborers, prostitutes, city slickers and gunfighters.'),
(262554, 'Wolfblood', 0, 0.00, 2013, '2015-08-18', 3, 40, 25, 'CBBC', 'en', '|Children|Fantasy|', 'Continuing', 'Being a teenager is hard enough. Being a Wolfblood teenager is ten times more complicated. 14 year old Maddy loves her abilities - heightened senses, being faster, stronger and more graceful - but hates the secrets that come with them.'),
(258171, 'Continuum', 2, 2.70, 2012, '2015-08-18', 4, 42, 60, 'Showcase (CA)', 'en', '|Action|Drama|Science-Fiction|Thriller|', 'Continuing', 'Kiera Cameron (Rachel Nichols), a Vancouver City Protective Services officer, is transported from the year 2077 to 2012 when eight ruthless terrorists, known as Liber8, attempt to escape execution through time travel. With the help of 17 year old tech genius Alec Sadler (Erik Knudsen) and VPD officer Carlos Fonnegra (Victor Webster), Kiera must survive in our time period, and capture Liber8 before they can alter the course of history and change the future.'),
(210961, 'Magic City', 0, 0.00, 2012, '2015-08-18', 2, 16, 55, 'Starz!', 'en', '|Crime|Drama|Mystery|', 'Ended', 'As Frank Sinatra rings in a new year in the grand ballroom of Miami Beach''s most luxurious dream palace â€“ the Miramar Hotel â€“ its visionary leader, Ike Evans, must deal with the Mob, his complicated family and a city in the midst of dramatic change as Fidel Castro takes control of Cuba, just 200 miles offshore. By day the hotel at the center of &quot;Magic City&quot; is all diving clown acts and cha-cha lessons by the pool, but at night Miami Beach reveals a darker truth. Dopers, dealers, strippers, gangsters and those who arrest them drift together to hear the top nightclub acts perform. Just beneath the surface, racial tensions stir. Ike must deal with all of this, even while global intrigue is brewing right under his roof.'),
(71223, 'Hawaii Five-O', 2, 2.25, 1968, '2015-08-18', 9, 284, 60, 'CBS', 'en', '|Action|Adventure|Crime|Drama|', 'Ended', 'The CBS television network produced and transmitted the program from September 26 (September 20 for the pilot episode &quot;Cocoon&quot;), 1968 to April 5, 1980. Currently, the program is aired in syndication throughout the world. Created by Leonard Freeman, Hawaii Five-O was shot on location in Honolulu, HawaiÊ»i, and throughout the island of OÊ»ahu - with occasional filming in other locales like Los Angeles, Singapore and Hong Kong as well as other Hawaiian islands.\n\nHawaii Five-O centers on a fictional state police force of the same name - in honor of HawaiÊ»i''s status as the 50th State - led by former Navy officer Steve McGarrett (Jack Lord), who was appointed by the Governor Paul Jameson (Richard Denning). Originally, McGarrett was assisted regularly by State Police officers - a young officer, Danny Williams (James MacArthur), Chin Ho Kelly (Kam Fong) and Kono Kalakaua (Zulu). Later, Honolulu Police Department Officer Duke Lukela (Herman Wedemeyer) joined the team as a regular as did Ben Kokua (Al Harrington). Occasionally, they were assisted by other officers on an &quot;as-needed&quot; basis. During the course of the show, the team was also assisted regularly by: the medical examiner Doc Bergman (Al Eben), the forensic specialist Che Fong (Harry Endo) and a secretary. The first secretary was May (Maggi Parker), then Jenny (Peggy Ryan) and later Luana (Laura Sode-Matteson). (At the time Hawaii was the only state without an actual statewide police agency. The Hawaii State Sheriff''s Department now serves as the de facto state police.)'),
(278264, 'UnREAL', 0, 0.00, 2015, '2015-08-18', 1, 10, 45, 'Lifetime', 'en', '|Drama|', 'Continuing', 'UnREAL goes behind-the-scenes of a hit competition dating show to follow the experiences of a young staffer whose sole job is to manipulate her relationships with (and among) the contestants to get the vital dramatic and outrageous footage the programâ€™s producers demand. What ensues is a humorous, yet vexing, look at what happens in the world of unscripted television, where being a contestant can be vicious and producing it is a whole other reality.'),
(291273, 'Spotless', 0, 0.00, 2015, '2015-08-18', 1, 10, 50, 'Canal+', 'en', '|Crime|Drama|', 'Continuing', 'Set in London, SPOTLESS is the story of a troubled crime scene cleaner, Jean, whose tidy life is turned upside down when his outlaw brother Martin crash lands into his world, entangling them in the deadly dynamics of organized crime.'),
(187881, 'The Borgias', 0, 0.00, 2011, '2015-08-18', 3, 29, 60, 'Showtime', 'en', '|Drama|', 'Ended', 'The Showtime Original Series The Borgias is the sordid saga of one of the most remarkable and legendary families in history. Set in 15th century Italy at the height of the Renaissance, The Borgias chronicles the corrupt rise of patriarch Rodrigo Borgia (Academy AwardÂ® winner Jeremy Irons) to the papacy, where he proceeds to commit every sin in the book to amass and retain power, influence and enormous wealth for himself and his family. The unbounded audacity of this original crime family went on to inspire Machiavelli''s The Prince and Mario Puzo''s The Godfather. Don''t miss a minute of the lavish, sexy, scandalous drama from the creative mind of Academy AwardÂ® winner Neil Jordan.'),
(277991, 'Finding Carter', 0, 0.00, 2014, '2015-08-18', 2, 24, 60, 'MTV (US)', 'en', '|Drama|', 'Continuing', 'Teenage girl Carter seemingly has the perfect life with fun-loving single mom Lori, until she discovers Lori abducted her as a toddler. Now Carter must return to the family who thought they had lost her. As she navigates brand new parents, a twin sister, high school and boys, she vows to find Lori before the only mom sheâ€™s ever known is gone forever.'),
(80546, 'Sea Patrol', 0, 0.00, 2007, '2015-08-18', 5, 68, 60, 'Nine Network', 'en', '|Action|Adventure|Drama|', 'Ended', 'Set amongst the awesome beauty of the Australian Gold Coast, Sea Patrol follows sailors from every walk of life, age and temperament all crammed aboard the Naval Patrol boat Hammersley, a veritable pressure cooker of emotions desires and ambitions. Whether they are hunting down well armed drug smugglers, chasing thieves or pirates, helping fools, or saving reckless illegal immigrants, their adventures serve to bring the crew together to forge deep and longstanding friendships that cross the class and gender divide. Filmed on the Great Barrier Reef and Mission Beach, Far North Queensland and at Warner Roadshow Studios, Gold Coast, QLD.'),
(268094, 'Tyrant', 0, 0.00, 2014, '2015-08-18', 2, 23, 60, 'FX', 'en', '|Drama|', 'Continuing', 'The series tells the story of an unassuming American family drawn into the workings of a turbulent Middle Eastern nation. Bassam &quot;Barry&quot; Al Fayeed, the younger son of the dictator of a war-torn nation, ends a self-imposed 20-year exile to return to his homeland, accompanied by his American wife and children, for his nephew''s wedding. Barryâ€™s reluctant homecoming leads to a dramatic clash of cultures as he is thrown back into the familial and national politics of his youth.'),
(262407, 'Black Sails', 0, 0.00, 2014, '2015-08-18', 2, 18, 55, 'Starz!', 'en', '|Action|Adventure|Drama|', 'Continuing', 'The pirate adventure Black Sails centers on the tales of Captain Flint and his men and takes place twenty years prior to Robert Louis Stevensonâ€™s classic â€œTreasure Islandâ€. Flint, the most brilliant and most feared pirate captain of his day, takes on a fast-talking young addition to his crew who goes by the name John Silver. Threatened with extinction on all sides, they fight for the survival of New Providence Island, the most notorious criminal haven of its day â€“ a debauched paradise teeming with pirates, prostitutes, thieves and fortune seekers, a place defined by both its enlightened ideals and its stunning brutality.'),
(295829, 'The Man in the High Castle', 0, 0.00, 2015, '2015-08-18', 1, 10, 55, 'Amazon', 'en', '|Drama|Science-Fiction|', 'Continuing', 'A glimpse into an alternate history of North America: what life after WWII may have been like if the Nazis had won the war. The Man in the High Castle explores daily life in 1962, fourteen years after the end of a longer Second World War (1939â€“1948 in this history). The victorious Axis Powers - Imperial Japan, Fascist Italy, and Nazi Germany - are conducting intrigues against each other in North America, specifically in the former U.S., which surrendered to them once they had conquered Eurasia and destroyed the populaces of Africa.\n'),
(259106, 'Emily Owens, M.D.', 0, 0.00, 2012, '2015-08-18', 1, 13, 60, 'The CW', 'en', '|Drama|', 'Ended', 'At long last, Emily Owens feels like she is an actual grown-up. She can finally put her high school days as the geeky-girl-with-flop-sweats behind her; sheâ€™s graduated from medical school and is now a first-year intern at Denver Memorial Hospital, where sheâ€™ll have the chance to work with world-famous cardiologist Dr. Gina Beckett â€“ and where, not-so-coincidentally, her med-school crush Will Rider is also an intern. So why does everyone keep warning her that the hospital is just like high school? Emily soon finds out the hard way â€“ her high school nemesis, the gorgeous, popular Cassandra Kopelson, is also just starting out at Denver Memorial, and it seems like theyâ€™re rivals all over again â€“ not only as surgical interns, but for Willâ€™s attention. '),
(258959, 'Beauty and the Beast (2012)', 1, 1.50, 2012, '2015-08-18', 3, 57, 60, 'The CW', 'en', '|Crime|Fantasy|Mystery|Romance|', 'Continuing', 'Detective Catherine Chandler is a smart, no-nonsense homicide detective. When she was a teenager, she witnessed the murder of her mother at the hands of two gunmen and herself was saved by someone â€“ or something. Years have passed and while investigating a murder, Catherine discovers a clue that leads her to Vincent Keller, who was reportedly killed in 2002. Catherine learns that Vincent is actually still alive and that it was he who saved her many years before. For mysterious reasons that have forced him to live outside of traditional society, Vincent has been in hiding for the past 10 years to guard his secret â€“ when he is enraged, he becomes a terrifying beast, unable to control his super-strength and heightened senses.'),
(82283, 'True Blood', 4, 3.90, 2008, '2015-08-18', 7, 80, 60, 'HBO', 'en', '|Drama|Fantasy|Horror|Mystery|', 'Ended', 'True Blood is based on The Southern Vampire Mysteries series of novels by Charlaine Harris, detailing the co-existence of vampires and humans in Bon Temps, a fictional, small town in northwestern Louisiana. The series centers on the adventures of Sookie Stackhouse (Anna Paquin), a telepathic waitress with an otherworldly quality.'),
(75710, 'Criminal Minds', 1, 3.70, 2005, '2015-08-18', 9, 234, 60, 'CBS', 'en', '|Crime|Drama|Mystery|Suspense|Thriller|', 'Continuing', 'Special Agents Jason Gideon and Aaron Hotchner head up the FBI''s most elite profiling team - experts in analyzing criminal minds. Each team member has their specialty. There''s Elle Greenaway, who has a background in sexual offences; Derek Morgan, who focuses on obsessional crimes; Special Agent Dr. Spencer Reid the smart-but-socially-challenged genius; and Jennifer &quot;JJ&quot; Jareau, the rookie. With each mind-blowing case, they put their lives on the line as they match wits with the most ruthless criminals on earth.'),
(296654, 'Criminal Minds: Beyond Borders', 0, 0.00, 2016, '2015-08-18', 1, 2, 60, 'CBS', 'en', '|Crime|Drama|', 'Continuing', 'Focuses on a division of the FBI that helps American citizens who find themselves in trouble internationally. '),
(168151, 'Criminal Minds: Suspect Behavior', 1, 3.80, 2011, '2015-08-18', 1, 13, 60, 'CBS', 'en', '|Crime|Drama|', 'Ended', 'Criminal Minds: Suspect Behavior involves an elite team of special agents who work in the FBI''s Behavioral Analysis Unit. Forest Whitaker portrays Unit Chief Sam Cooper, a long-time agent who left the FBI, but returned to head a team of renegade profilers that operates as far out of the bureaucracy as possible. Beau Garrett portrays SSA Gina LaSalle, tough agent armed with a cunning sense of perception. Matt Ryan is SSA Mick Rawson, an ex-British Special Forces soldier, and Michael Kelly is SSA John &quot;Prophet&quot; Sims, who spent six years in jail. Janeane Garofalo, as Beth Griffith, from the FBI Threat Assessment Task Force, is the newest member. Kirsten Vangsness as Penelope Garcia brings her computer wizardry to the team. '),
(79773, 'Skins', 2, 3.30, 2007, '2015-08-18', 7, 61, 60, 'E4', 'en', '|Drama|Comedy|', 'Ended', 'Fast-paced and full of angst-ridden fun, this British drama may be based on teenage characters and aimed at a teenage audience, but its content is strictly adult. Watch as eleven teens struggle with highly-charged issues of race, religion, sexuality, drugs, and food disorders. With a solid set of good actors, expect the drama to consist of a lot of well-played emotional ups and downs.'),
(82696, 'Sons of Anarchy', 1, 3.90, 2008, '2015-08-18', 7, 92, 45, 'FX', 'en', '|Crime|Drama|Thriller|', 'Ended', 'Sons of Anarchy is an adrenalized drama with darkly comedic undertones that explores a notorious outlaw motorcycle clubâ€™s (MC) desire to protect its livelihood while ensuring that their simple, sheltered town of Charming, California remains exactly that, charming. The MC must confront threats from drug dealers, corporate developers, and overzealous law officers. Behind the MCâ€™s familial lifestyle and legally thriving automotive shop is a ruthless and illegal arms business driven by the seduction of money, power, and blood.'),
(76156, 'Scrubs', 5, 4.42, 2001, '2015-08-18', 9, 181, 20, 'ABC (US)', 'en', '|Comedy|', 'Ended', 'Scrubs focuses on the lives of several people working at Sacred Heart, a teaching hospital. It features fast-paced dialogue, slapstick, and surreal vignettes presented mostly as the daydreams of the central character, Dr. John Michael &quot;J.D.&quot; Dorian.'),
(76143, 'Kyle XY', 3, 2.83, 2006, '2015-08-18', 3, 43, 60, 'ABC Family', 'en', '|Drama|Mystery|Science-Fiction|', 'Ended', 'Kyle XY: a story about a 16 year old boy with a mind of a genius. He''s found wandering in the streets with no memory of who he is, or where he comes from. He''s soon taken to a youth detention center, where he meets Nicole Trager, a psychologist. She sees that Kyle has these amazing abilities. It''s not long before she wants to bring him home to her husband and two kids. Stephen at first has his doubts about Kyle. While staying with the Tragers, Kyle starts to remember and is willing to go all the way to unlock his past.'),
(73507, 'The 4400', 0, 0.00, 2004, '2015-08-18', 4, 44, 60, 'USA Network', 'en', '|Drama|Science-Fiction|', 'Ended', 'The 4400 tells the stories of 4,400 abductees after they are returned to earth. In the words of the executive producers, these are stories of people dealing with traumatic changes, driven by the mystery of what happened and why. Some of them have been affected in mysterious ways, and some will have certain abilities, both good and bad, so part of the drama will be watching them adjust to these changes within themselves. The series kicks off with a ball of light sailing toward Earth, but rather than the expected catastrophic event, thousands of returned abductees are left with no memory of their otherworldly experiences. Each has been gone anywhere from a few months to several decades but none has aged a day.'),
(83237, 'Stargate Universe', 0, 0.00, 2009, '2015-08-18', 2, 40, 45, 'Syfy', 'en', '|Action|Adventure|Science-Fiction|', 'Ended', 'The previously unknown purpose of the ninth chevron is revealed and takes a group of refugees on a one-way trip to a millions of years old Ancient-built ship. Led by Dr. Nicolas Rush and Colonel Everett Young, the refugees are trapped on the ship, unable to change its programmed mission.'),
(70852, 'Stargate: Infinity', 0, 0.00, 2002, '2015-08-18', 1, 26, 30, 'FOX (US)', 'en', '|Animation|', 'Ended', 'The animated action/adventure Stargate Infinity continues the saga of the men and women of Stargate Command as they travel the universe using the extraordinary powers of the mysterious Stargate portals. Stargate Infinity is the story of veteran Stargate explorer Major Gus Bonner and a group of young Air Force Academy cadets. Wrongly accused of treason, they must flee across the universe, pursued by a ferocious new alien enemy, the Tlak''khan - mercenaries working for the Nax''kan Council. The team must find a way to clear Gus'' name and to protect the mysterious Draga - a strange alien being who may be the key to unlocking the ultimate secrets of the Stargate and of the Ancients who built them.\n\nAired as education TV, most episodes come complete with a nifty kids'' message!'),
(72449, 'Stargate SG-1', 3, 3.07, 1997, '2015-08-18', 9, 216, 45, 'Showtime', 'en', '|Action|Adventure|Fantasy|Science-Fiction|', 'Ended', 'This sequel to the 1994 movie Stargate chronicles the further adventures of SGC (Stargate Command). It turned out that the Goa''uld Ra was only one of many alien System Lords who used the Stargates to conquer much of the universe. When Earth uncovers a working cartouche to decipher the coding system of their own Stargate, they find they can now travel anywhere. Earth''s military sends out SG teams to explore new planets, find technology, and oppose the Goa''uld. Jack O''Neill and Daniel Jackson from the original movie are part of SG-1. They are joined by Sam Carter, a scientist, and Teal''c, a Jaffa who is convinced the Goa''uld are not gods.'),
(70851, 'Stargate Atlantis', 0, 0.00, 2004, '2015-08-18', 5, 100, 60, 'Syfy', 'en', '|Action|Adventure|Science-Fiction|', 'Ended', 'The story of Stargate Atlantis follows the cliffhanger episode on Stargate SG-1''s seventh season finale &quot;Lost City&quot;, where SG-1 found an outpost made by the race known as the Ancients in Antarctica. After the events of Stargate SG-1 season eight premiere &quot;New Order&quot;, the Stargate Command sends an international team to investigate the outpost. Soon, Dr. Daniel Jackson discovers the location of the greatest city created by the Ancients, Atlantis. The story unfolds when the members of the expedition encounter the Wraith, the race that defeated the Ancients ten thousand years ago.'),
(73545, 'Battlestar Galactica (2003)', 1, 3.77, 2003, '2015-08-18', 4, 73, 45, 'SciFi', 'en', '|Action|Adventure|Drama|Science-Fiction|', 'Ended', 'In a distant part of the universe, a civilization of humans live on planets known as the Twelve Colonies. In the past, the Colonies have been at war with a cybernetic race known as the Cylons. 40 years after the first war the Cylons launch a devastating attack on the Colonies. The only military ship that survived the attack takes up the task of leading a small fugitive fleet of survivors into space in search of a fabled refuge known as Earth.'),
(73730, 'Veronica Mars', 1, 3.00, 2004, '2015-08-18', 3, 64, 60, 'The CW', 'en', '|Drama|', 'Ended', 'In the wealthy, seaside community of Neptune, California, the rich and powerful make the rules. Unfortunately for them, there''s Veronica Mars, a smart, fearless 17-year-old apprentice private investigator. During the day, Veronica must negotiate high school like any average teenage girl. But at night, she helps with her father''s struggling private investigator business.'),
(220411, 'Girls', 1, 4.75, 2012, '2015-08-18', 4, 42, 30, 'HBO', 'en', '|Comedy|Drama|', 'Continuing', 'The assorted humiliations, disasters and rare triumphs of four very different twenty-something girls: Hannah, an aspiring writer; Marnie, an art gallery assistant and cousins Jessa and Shoshanna.'),
(75897, 'South Park', 3, 4.00, 1997, '2015-08-18', 9, 258, 30, 'Comedy Central', 'en', '|Animation|Comedy|', 'Continuing', 'South Park is an animated series featuring four boys who live in the Colorado town of South Park, which is beset by frequent odd occurrences. The show grew out of short film that Trey Parker and Matt Stone created called The Spirit of Christmas, and has become an award-winning show that is a unique blend of humor and satire.'),
(259765, 'Banshee', 4, 4.03, 2013, '2015-08-19', 4, 38, 50, 'Cinemax', 'en', '|Action|Adventure|Crime|Drama|', 'Continuing', 'An unnamed ex-convict assumes the identity of Lucas Hood the sheriff of Banshee, Pennsylvania, where he, behind a badge, continues his criminal activities, even as heâ€™s hunted by the shadowy gangsters he betrayed years earlier.'),
(226181, 'Profilage', 0, 0.00, 2009, '2015-08-19', 5, 54, 50, 'TF1', 'fr', '|Action|Adventure|Drama|', 'Continuing', 'Matthieu PÃ©rac est commandant Ã  la brigade criminelle du Xe arrondissement de Paris. Il vient d''apprendre qu''il devra dÃ©sormais travailler aux cÃ´tÃ©s de ChloÃ© Saint-Laurent, une psycho-criminologue aussi brillante que dÃ©routante. PassÃ© le choc de se voir imposer une psychologue avec laquelle il ne veut pas travailler, Matthieu devra reconnaÃ®tre que cette aide lui sera prÃ©cieuse.'),
(80547, 'Gossip Girl', 7, 3.11, 2007, '2015-08-20', 6, 121, 45, 'The CW', 'en', '|Drama|Romance|', 'Ended', 'The series begins with the return of Upper East Side &quot;it girl&quot;, Serena van der Woodsen (Blake Lively) from a mysterious stay at a boarding school in Cornwall, Connecticut. Blair Waldorf (Leighton Meester), whom creators describe as the queen at the center of their chess game, is a longtime friend and occasional rival of Serena''s, and the queen bee of Constance Billard School''s social scene. The story also follows Chuck Bass (Ed Westwick), the bad boy of the Upper East Side; &quot;golden boy&quot; Nate Archibald (Chace Crawford), Chuck''s best friend and Blair''s boyfriend for many years. However, their relationship had been rocky ever since Serena left for boarding school. Other characters of the turbulent Manhattan scene: Dan Humphrey (Penn Badgley), Dan''s best friend Vanessa Abrams (Jessica Szohr), and Dan''s sister, Jenny Humphrey (Taylor Momsen).'),
(134511, 'Blue Mountain State', 4, 4.44, 2010, '2015-08-21', 3, 39, 20, 'Spike TV', 'en', '|Comedy|Sport|', 'Ended', '&quot;Blue Mountain State,&quot; from Lionsgate and Robbins'' Varsity Pictures, is a half-hour scripted comedy in the vein of &quot;Animal House.&quot; The project follows three incoming freshmen attending Midwestern college football powerhouse Blue Mountain State who must quickly adapt to college life and juggle football, girls, classes and nonstop hazing. Written by Kimberly Nordyke - Hollywood Reporter'),
(80349, 'Californication', 6, 4.04, 2007, '2015-08-21', 7, 84, 30, 'Showtime', 'en', '|Comedy|Drama|', 'Ended', 'David Duchovny returns to TV with his Golden Globe-winning portrayal of author Hank Moody in the critically-acclaimed Showtime hit Californication. Author Hank Moody''s life is spinning gloriously out of control as he juggles his sex and drug addictions while raising a daughter and trying to win back the love of his life in this edgy new series. '),
(78261, 'The Shield', 2, 4.90, 2002, '2015-08-21', 7, 88, 60, 'FX', 'en', '|Crime|Drama|Thriller|', 'Ended', 'The story of an inner-city Los Angeles police precinct where some of the cops aren''t above breaking the rules or working against their associates to both keep the streets safe and their self-interests intact.'),
(79337, 'Friday Night Lights', 1, 4.66, 2006, '2015-08-21', 5, 76, 60, 'NBC', 'en', '|Drama|Sport|', 'Ended', 'Expanding on the hit feature film and best-selling book &quot;Friday Night Lights,&quot; this award-winning series centers on life in Dillon, Texas, where high school football brings the community together -- and the drama of small town life threatens to tear it apart.'),
(75930, 'Alias', 2, 4.00, 2001, '2015-08-22', 5, 105, 60, 'ABC (US)', 'en', '|Action|Adventure|Drama|Mystery|', 'Ended', 'Sydney Bristow, an agent who has been tricked to believe she is working for the U.S. government is actually working for a criminal organization named the Alliance of Twelve. Upon learning this, Sydney becomes a double agent for the real CIA.'),
(97371, 'Plus belle la vie', 2, 3.93, 2004, '2015-08-23', 9, 2860, 25, 'France 3', 'fr', '|Drama|Family|', 'Continuing', 'La vie quotidienne du quartier du Mistral Ã  Marseille, avec ses grands bonheurs et ses lourds secrets, ses drames et ses joies...'),
(72173, 'Arrested Development', 1, 5.00, 2003, '2015-08-23', 4, 68, 30, 'Netflix', 'en', '|Comedy|', 'Continuing', 'Level-headed son Michael Bluth takes over family affairs after his father is imprisoned. But the rest of his spoiled, dysfunctional family are making his job unbearable.'),
(263677, 'The Returned', 1, 4.40, 2012, '2015-08-27', 2, 16, 50, 'Canal+', 'en', '|Drama|Fantasy|Thriller|', 'Continuing', 'In the shadow of an enormous hydraulic dam, the lives of the residents of a small French town are changed to their core when hundreds of previously dead relatives all return home on the same day.'),
(134231, 'How to Make It in America', 2, 3.40, 2010, '2015-08-27', 2, 16, 30, 'HBO', 'en', '|Comedy|Drama|', 'Ended', 'Entourage masterminds Stephen Levinson and Mark Wahlberg are behind this HBO project about two up-and-comers in their 20''s living in New York City. This pair of industrious friends hustle their way to success, striving to achieve the American dream.'),
(283318, 'Zoo', 1, 4.20, 2015, '2015-09-08', 1, 13, 45, 'CBS', 'en', '|Drama|Thriller|', 'Continuing', 'Zoo is a global thriller about a wave of violent animal attacks against humans sweeping the planet. James Wolk will play Jackson Oz, a young, renegade American zoologist who spends his days running safaris in the wilds of Africa when he begins noticing the strange behavior of the animals. As the assaults become more cunning, coordinated and ferocious, he is thrust into the race to unlock the mystery of the pandemic before thereâ€™s no place left for people to hide. '),
(258773, 'Zero Hour (2013)', 1, 3.90, 2013, '2015-09-08', 1, 13, 60, 'ABC (US)', 'en', '|Drama|Fantasy|Science-Fiction|Thriller|', 'Ended', 'Hank Foley (Anthony Edwards) is no stranger to adventure. But this one is a little more than he bargained for. As the publisher of Modern Skeptic magazine, Hank has spent his career following clues, debunking myths and solving conspiracies. A confessed paranormal junkie, his motto is &quot;logic is the compass.&quot; But when his beautiful young wife (Jacinda Barrett) is abducted from her store, an antique clock shop, Hank gets pulled into one of the most compelling mysteries of human history, stretching around the world and back centuries. Contained in one of his wife''s clocks is a treasure map, and what it leads to could be cataclysmic. Now it''s up to Hank to decipher the symbols and unlock the secrets of the map, while ensuring the answers don''t fall into the wrong hands. With his two young associates Rachel (Addison Timlin) and Arron (Scott Michael Foster) in tow, along with Deck a sexy FBI agent (Carmen Ejogo), Hank will lead them on a breathless race against the clock, to find his wife and save humanity.'),
(84021, 'Better Off Ted', 1, 4.44, 2009, '2015-09-08', 2, 26, 30, 'ABC (US)', 'en', '|Comedy|', 'Ended', 'As the head of research and development at Veridian Dynamics, Ted Crisp must deal with nutty scientists, crazy coworkers and hazy ethical boundaries.'),
(210841, 'Alphas', 1, 3.70, 2011, '2015-09-08', 2, 24, 60, 'Syfy', 'en', '|Action|Drama|Science-Fiction|', 'Ended', 'Alphas is an action-packed thriller about five ordinary people who are brought together to form one extraordinary team of Alphas -- people with the unique power to stretch the capabilities of the human mind giving them superhuman physical and mental abilities.'),
(206751, 'Breaking In', 2, 3.24, 2011, '2015-09-08', 2, 20, 30, 'FOX (US)', 'en', '|Action|Comedy|Crime|', 'Ended', 'Contra Security, corporate America''s answer to &quot;The A-Team,&quot; gives clients a sense of security by first ripping it away. The firm is led by OZ, a larger-than-life head honcho who is a man of mystery and master of manipulation. The members of the odd squad include alluring bad girl Melanie, who is in charge of lock-picking, safe-cracking and heart-breaking; and Cash, a fanboy who specializes in strategy, logistics and office pranks only a mad genius could think up.\n\nOz''s newest recruit, plucked right out of college, is lovable and charming computer hacker Cameron Price. Unfortunately for Cameron, cracking into state-of-the-art security systems is a lot easier than dealing with his co-workers. Between Melanie''s sex appeal and Cash''s hazing, Cameron has more than a few obstacles to overcome if he wants to cement his status as part of the team and become Oz''s go-to guy.'),
(85040, 'Caprica', 1, 4.30, 2010, '2015-09-08', 1, 18, 60, 'SciFi', 'en', '|Drama|Science-Fiction|', 'Ended', 'Set nearly 60 years before the events depicted in Battlestar Galactica, Caprica tells the story of how the Cylons came to be, set against the backdrop of the Greystones and the Adamas, two families that are changed in an act of tragedy that takes the lives of their daughters.'),
(255326, 'Defiance', 1, 3.30, 2013, '2015-09-08', 3, 38, 45, 'Syfy', 'en', '|Action|Drama|Science-Fiction|', 'Continuing', 'Set on a future Earth, Defiance introduces players and viewers to a world where humans and aliens live together on a planet ravaged by decades of war and transformed by alien terra-forming machines. It centers on Jeb Nolan, the law-keeper in a bustling frontier boomtown that is one of the new worldâ€™s few oasis of civility and inclusion. Nolan is a former Marine who fought in the alien conflict and suffered the loss of his wife and child in the war. The trauma transformed him into a lone wanderer in the wilds of this new and dangerous world.'),
(79334, 'Eureka', 1, 4.75, 2006, '2015-09-08', 5, 77, 60, 'SciFi', 'en', '|Comedy|Drama|Science-Fiction|', 'Ended', 'The sleepy Pacific Northwest town of Eureka is hiding a mysterious secret. The government has been relocating the worldâ€™s geniuses and their families to this rustic town for years where innovation and chaos have lived hand in hand. U.S. Marshal Jack Carter (Colin Ferguson) stumbles upon this odd town after wrecking his car and becoming stranded there. When the denizens of the town unleash an unknown scientific creation, Carter jumps in to try to restore order and consequently learns of one of the countryâ€™s best kept secrets.'),
(73871, 'Futurama', 1, 4.00, 1999, '2015-09-08', 8, 128, 30, 'Comedy Central', 'en', '|Animation|Comedy|Science-Fiction|', 'Ended', 'A late 20th-century New York City pizza delivery boy, Philip J. Fry, after being unwittingly cryogenically frozen for one thousand years, finds employment at Planet Express, an interplanetary delivery company in the 31st century.'),
(158661, 'Haven', 2, 2.90, 2010, '2015-09-08', 5, 66, 60, 'Syfy', 'en', '|Crime|Drama|Fantasy|Science-Fiction|', 'Continuing', 'When shrewd and confident FBI Special Agent Audrey Parker arrives in the small town of Haven she soon finds herself caught up with the return of The Troubles, a plague of supernatural afflictions that occurred in the town at least once before. If that was not enough to draw her in, she also finds a link that may lead her to the mother she has never known.'),
(256637, 'Hit &amp; Miss', 1, 4.20, 2012, '2015-09-08', 1, 6, 45, 'Sky1', 'en', '|Drama|', 'Ended', 'High concept and ambitious, Hit and Miss follows Mia (Sevigny), a contract killer with a secret: she''s a pre-op transsexual. Mia''s life is sent into a tailspin when she receives a letter from an ex-girlfriend dying from cancer revealing that Mia fathered a son eleven years ago. Faced with a difficult decision, Mia becomes the guardian to a new family, a choice that forces her to mix her killer instincts with her newly acquired maternal ones. Hit and Miss tells the story of a lethal killer at the heart of a troubled family and how all of their lives will be dramatically changed forever'),
(75397, 'My Name Is Earl', 1, 4.10, 2005, '2015-09-08', 4, 96, 25, 'NBC', 'en', '|Comedy|', 'Ended', 'Earl Hickey''s life has been full of poor choices and mistakes, and upon discovering that he is the holder of a winning lottery ticket, Earl is hit by a car and the ticket blows out of his hand as he lies unconscious in the street. While recovering in the hospital and watching television, Earl has a karmic epiphany, thanks to Carson Daly, who attributes his success to doing good for others. A light bulb goes on in Earl''s dim head, and he sets out to right every wrong he has done, starting with a geek he tormented in grade school.');
INSERT INTO `series` (`id`, `nom`, `nbmembres`, `note`, `annee`, `date_ajout`, `saison`, `Episodes`, `Format`, `Chaine`, `Langue`, `Genre`, `Statut`, `Overview`) VALUES
(95731, 'Nurse Jackie', 1, 3.80, 2009, '2015-09-08', 7, 82, 30, 'Showtime', 'en', '|Comedy|Drama|', 'Ended', '&quot;Nurse Jackie&quot; is a half-hour comedy that is at turns wicked, heartbreaking and funny. Edie Falco stars as the title character Jackie O''Hurley, a strong-willed and brilliant -- but very flawed -- emergency room nurse in a complicated New York City hospital. A lapsed Catholic with an occasional weakness for Vicodin and Adderall to get her through the days, Jackie keeps the hospital balanced with her own kind of justice. Every day is a high wire act of juggling patients, doctors, fellow nurses and her own indiscretions.'),
(259057, 'The Neighbors', 1, 2.40, 2012, '2015-09-08', 2, 44, 30, 'ABC (US)', 'en', '|Comedy|Science-Fiction|', 'Ended', 'The series, set in New Jersey, revolves around a gated townhouse community called &quot;Hidden Hills.&quot; This is where the Weavers, a normal average family, have decided to move to. But upon their relocation to this community they discover that this place is populated by residents who are actually from another planet, using names of sports athletes, where men can become pregnant, receive nourishment through their eyes and mind by reading books rather than eating, and cries out green goo from their ears. Not only that, it appears that these aliens have been stuck on Earth for 10 years, still awaiting for a distress signal to return home'),
(77398, 'The X-Files', 1, 3.70, 1993, '2015-09-08', 9, 207, 60, 'FOX (US)', 'en', '|Mystery|Science-Fiction|', 'Continuing', 'The X-Files focused on the exploits of FBI Agents Fox Mulder, Dana Scully, John Doggett and Monica Reyes and their investigations into the paranormal. From genetic mutants and killer insects to a global conspiracy concerning the colonization of Earth by an alien species, this mind-boggling, humorous and occasionally frightening series created by Chris Carter has been one of the world''s most popular sci-fi/drama shows since its humble beginnings in 1993.'),
(70533, 'Twin Peaks', 1, 3.60, 1990, '2015-09-08', 2, 30, 60, 'ABC (US)', 'en', '|Drama|Horror|Mystery|', 'Ended', 'The body of Laura Palmer is washed up on a beach near the small Washington state town of Twin Peaks. FBI Special Agent Dale Cooper is called in to investigate her strange demise only to uncover a web of mystery that ultimately leads him deep into the heart of the surrounding woodland and his very own soul.'),
(83463, 'United States of Tara', 2, 3.33, 2009, '2015-09-08', 3, 36, 30, 'Showtime', 'en', '|Comedy|Drama|', 'Ended', 'Tara Gregson is a wife and mother of two. Tara has dissociative identity disorder (DID). Whenever she is stressed, she transforms into one of her alternate personalities: wild and flirty teenager T; old-fashioned housewife Alice; and male, loud, beer-drinking Vietnam vet Buck (a fifth personality is introduced later in the season). Tara is supported by her husband Max, her somewhat troubled teenage daughter Kate and quirky, good-hearted gay son Marshall. Her sister, Charmaine, is not so supportive, often expressing her doubt about the validity of Tara''s disorder.'),
(84676, 'Warehouse 13', 1, 4.30, 2009, '2015-09-08', 5, 64, 60, 'Syfy', 'en', '|Adventure|Drama|Fantasy|Mystery|Science-Fiction|', 'Ended', 'After saving the life of an international diplomat in Washington D.C., a pair of U.S. Secret Service agents are whisked away to a covert location in South Dakota that houses supernatural objects that the U.S. Government has collected over the centuries. Their new assignment: retrieve some of the missing objects and investigate reports of new ones.'),
(74845, 'Weeds', 1, 4.60, 2005, '2015-09-08', 8, 103, 30, 'Showtime', 'en', '|Comedy|Crime|Drama|', 'Ended', 'Is the grass really greener on the other side? Yes, and it smells better, too! So when Nancy Botwin (Golden Globe winner Mary-Louise Parker) faces both sudden widowhood and poverty, she''s determined to do anything to keep her kids in suburbia, including taking a job as the neighborhood pot dealer. Subversive, satirical and hilarious, the first season of this groundbreaking Showtime hit is guaranteed to spark laughter!'),
(79511, 'Torchwood', 1, 3.70, 2006, '2015-09-08', 4, 41, 60, 'BBC Three', 'en', '|Action|Adventure|Crime|Drama|Science-Fiction|', 'Ended', 'Captain Jack Harkness is a man from the 51st century trapped in the past who leads the last remnants of the Torchwood Institute, a top secret British agency outside the government whose job it is to investigate alien goings on in the world, act in mankind''s best interest, and, if needed, be the Earth''s last line of defense.'),
(281696, 'American Odyssey', 1, 4.00, 2015, '2015-09-08', 1, 13, 60, 'NBC', 'en', '|Drama|Mystery|Thriller|', 'Ended', 'In this &quot;Traffic&quot;-like action drama, an international conspiracy explodes when three strangers'' lives unexpectedly collide - a female soldier, a corporate lawyer and a political activist.\n'),
(253463, 'Black Mirror', 1, 4.85, 2011, '2015-09-08', 3, 7, 60, 'Channel 4', 'en', '|Drama|Science-Fiction|Fantasy|', 'Continuing', 'Over the last ten years, technology has transformed almost every aspect of our lives before we''ve had time to stop and question it. In every home; on every desk; in every palm - a plasma screen; a monitor; a smartphone - a black mirror of our 21st Century existence.\nBlack Mirror is a contemporary British re-working of The Twilight Zone with stories that tap into the collective unease about our modern world.'),
(273690, 'Constantine', 1, 3.80, 2014, '2015-09-08', 1, 13, 60, 'NBC', 'en', '|Action|Adventure|Fantasy|Horror|Thriller|', 'Ended', 'A man struggling with his faith is haunted by the sins of his past but is suddenly thrust into the role of defending humanity from the gathering forces of darkness.');

-- --------------------------------------------------------

--
-- Structure de la table `suggestions`
--

CREATE TABLE IF NOT EXISTS `suggestions` (
  `membre_id` int(11) unsigned NOT NULL DEFAULT '0',
  `serie_id` int(7) unsigned NOT NULL,
  `nombre` decimal(7,4) DEFAULT NULL,
  `note` decimal(3,2) DEFAULT NULL,
  `fyns` decimal(7,4) unsigned DEFAULT NULL
) ENGINE=InnoDB DEFAULT CHARSET=latin1;

--
-- Contenu de la table `suggestions`
--

INSERT INTO `suggestions` (`membre_id`, `serie_id`, `nombre`, `note`, `fyns`) VALUES
(1, 70327, 66.0021, 4.70, 62.0420),
(1, 70533, 59.9524, 3.60, 43.1657),
(1, 71223, 86.7097, 2.16, 37.4586),
(1, 71663, 72.3085, 3.75, 54.2314),
(1, 72164, 68.9236, 2.88, 39.7000),
(1, 72173, 66.0021, 5.00, 66.0021),
(1, 72449, 78.4257, 2.91, 45.6438),
(1, 73244, 70.1988, 4.82, 67.6716),
(1, 73255, 103.8101, 4.24, 88.0310),
(1, 73545, 59.9524, 3.77, 45.2041),
(1, 73730, 63.8503, 3.00, 38.3102),
(1, 73800, 108.4050, 2.96, 64.1758),
(1, 73838, 92.1407, 4.49, 82.7423),
(1, 73871, 59.9524, 4.00, 47.9619),
(1, 74205, 76.0472, 4.36, 66.3132),
(1, 74845, 59.9524, 4.60, 55.1562),
(1, 75397, 59.9524, 4.10, 49.1610),
(1, 75710, 59.9524, 3.70, 44.3648),
(1, 75760, 164.2230, 4.26, 139.9180),
(1, 75853, 66.0021, 4.80, 63.3620),
(1, 75897, 87.9539, 4.00, 70.3631),
(1, 76107, 59.9524, 4.00, 47.9619),
(1, 76143, 97.6463, 2.84, 55.4631),
(1, 76156, 98.6038, 4.39, 86.5741),
(1, 77398, 59.9524, 3.70, 44.3648),
(1, 78261, 76.0472, 4.91, 74.6784),
(1, 79126, 59.9524, 4.90, 58.7534),
(1, 79168, 135.6547, 4.41, 119.6474),
(1, 79334, 59.9524, 4.75, 56.9548),
(1, 79337, 69.2301, 4.66, 64.5225),
(1, 79511, 59.9524, 3.70, 44.3648),
(1, 79689, 69.2301, 5.00, 69.2301),
(1, 79773, 75.9386, 3.34, 50.7270),
(1, 80337, 90.6512, 4.90, 88.8382),
(1, 80348, 59.9524, 5.00, 59.9524),
(1, 80379, 70.1988, 3.62, 50.8239),
(1, 82066, 59.9524, 4.80, 57.5543),
(1, 82283, 86.4726, 3.78, 65.3733),
(1, 82459, 83.0503, 4.11, 68.2673),
(1, 82467, 66.0021, 3.20, 42.2413),
(1, 82696, 59.9524, 3.90, 46.7629),
(1, 82825, 59.9524, 5.00, 59.9524),
(1, 83123, 71.0910, 3.00, 42.6546),
(1, 83463, 69.1882, 3.23, 44.6956),
(1, 83602, 98.7373, 3.53, 69.7085),
(1, 84021, 59.9524, 4.44, 53.2377),
(1, 84024, 82.2372, 4.14, 68.0924),
(1, 84676, 59.9524, 4.30, 51.5591),
(1, 84912, 91.0482, 4.05, 73.7490),
(1, 84946, 59.9524, 4.50, 53.9572),
(1, 84947, 77.1461, 4.43, 68.3514),
(1, 85040, 59.9524, 4.30, 51.5591),
(1, 94971, 59.9524, 3.80, 45.5638),
(1, 95011, 66.0021, 3.00, 39.6013),
(1, 95021, 69.1882, 2.57, 35.5627),
(1, 95491, 82.2651, 2.14, 35.2095),
(1, 95731, 59.9524, 3.80, 45.5638),
(1, 97371, 56.5134, 4.85, 54.8180),
(1, 108611, 69.0832, 5.00, 69.0832),
(1, 124051, 95.4884, 3.71, 70.8524),
(1, 129261, 116.7921, 3.97, 92.7329),
(1, 134231, 71.5746, 3.37, 48.2413),
(1, 146711, 65.4786, 3.60, 47.1446),
(1, 148581, 66.0021, 3.10, 40.9213),
(1, 158661, 69.1882, 2.85, 39.4373),
(1, 159591, 69.1882, 4.66, 64.4834),
(1, 163531, 59.9524, 4.30, 51.5591),
(1, 164021, 59.9524, 3.50, 41.9667),
(1, 164091, 59.9524, 2.00, 23.9810),
(1, 164301, 69.1882, 2.88, 39.8524),
(1, 168151, 69.0832, 3.80, 52.5032),
(1, 175001, 88.4251, 2.90, 51.2866),
(1, 176941, 89.3012, 4.95, 88.4082),
(1, 182061, 66.0021, 2.40, 31.6810),
(1, 206751, 69.1882, 2.97, 41.0978),
(1, 210841, 59.9524, 3.70, 44.3648),
(1, 211751, 69.1882, 3.63, 50.2306),
(1, 220411, 63.8503, 4.75, 60.6578),
(1, 229981, 66.0021, 2.00, 26.4008),
(1, 247773, 63.8503, 2.50, 31.9252),
(1, 247808, 125.1607, 3.82, 95.6228),
(1, 248682, 66.0021, 3.60, 47.5215),
(1, 248736, 69.1882, 2.65, 36.6697),
(1, 248742, 79.6950, 3.79, 60.4088),
(1, 248837, 79.0309, 2.40, 37.9348),
(1, 248841, 63.8503, 4.70, 60.0193),
(1, 248880, 72.0699, 1.93, 27.8190),
(1, 248935, 59.9524, 3.80, 45.5638),
(1, 249598, 56.5134, 4.50, 50.8621),
(1, 250487, 76.2448, 3.87, 59.0135),
(1, 251562, 82.5047, 4.28, 70.6240),
(1, 253463, 59.9524, 4.85, 58.1538),
(1, 255326, 59.9524, 3.30, 39.5686),
(1, 255413, 59.9524, 4.15, 49.7605),
(1, 255888, 59.9524, 3.80, 45.5638),
(1, 256637, 59.9524, 4.20, 50.3600),
(1, 258744, 69.0832, 4.50, 62.1749),
(1, 258773, 59.9524, 3.90, 46.7629),
(1, 258823, 59.9524, 4.50, 53.9572),
(1, 258959, 63.8503, 1.50, 19.1551),
(1, 259057, 59.9524, 2.40, 28.7772),
(1, 260315, 68.0927, 3.58, 48.7544),
(1, 260320, 69.2301, 4.50, 62.3071),
(1, 261557, 66.0021, 4.70, 62.0420),
(1, 261802, 59.9524, 4.00, 47.9619),
(1, 262980, 119.0225, 4.30, 102.3594),
(1, 263365, 59.9524, 4.10, 49.1610),
(1, 263677, 69.2301, 4.40, 60.9225),
(1, 264586, 76.2448, 3.45, 52.6089),
(1, 264991, 59.9524, 3.60, 43.1657),
(1, 265766, 68.4435, 5.00, 68.4435),
(1, 266091, 59.9524, 4.30, 51.5591),
(1, 267260, 59.9524, 4.00, 47.9619),
(1, 268156, 65.9998, 4.73, 62.4358),
(1, 268591, 68.0927, 2.92, 39.7661),
(1, 268592, 59.9524, 3.60, 43.1657),
(1, 269533, 59.9524, 4.20, 50.3600),
(1, 269578, 66.0021, 2.70, 35.6411),
(1, 269602, 63.8503, 2.50, 31.9252),
(1, 269643, 59.9524, 4.70, 56.3553),
(1, 270019, 59.9524, 4.50, 53.9572),
(1, 270439, 77.0578, 4.11, 63.3415),
(1, 270633, 88.7429, 4.54, 80.5786),
(1, 270915, 61.0969, 5.00, 61.0969),
(1, 272127, 76.5577, 2.17, 33.2260),
(1, 273690, 59.9524, 3.80, 45.5638),
(1, 274431, 59.9524, 4.60, 55.1562),
(1, 275278, 59.9524, 3.50, 41.9667),
(1, 276564, 61.0969, 2.50, 30.5485),
(1, 277165, 59.9524, 4.70, 56.3553),
(1, 277462, 61.0969, 0.70, 8.5536),
(1, 279121, 65.9998, 2.95, 38.9399),
(1, 279201, 69.0832, 5.00, 69.0832),
(1, 281485, 69.1882, 4.16, 57.5646),
(1, 281535, 61.0969, 3.10, 37.8801),
(1, 281620, 74.4294, 4.64, 69.0705),
(1, 281630, 59.9524, 4.70, 56.3553),
(1, 281662, 71.4660, 3.34, 47.7393),
(1, 281696, 59.9524, 4.00, 47.9619),
(1, 281697, 61.0969, 3.90, 47.6556),
(1, 283318, 59.9524, 4.20, 50.3600),
(1, 284409, 63.8503, 0.00, 0.0000),
(1, 294973, 61.0969, 4.10, 50.0995),
(2, 72108, 100.0001, 3.13, 62.5385),
(2, 75340, 100.0001, 3.78, 75.6770),
(2, 81189, 100.0001, 4.38, 87.6770),
(2, 83462, 100.0001, 3.19, 63.8462),
(2, 94571, 100.0001, 4.62, 92.4001),
(2, 121361, 100.0001, 4.23, 84.5385),
(2, 134241, 76.9231, 4.30, 66.1539),
(2, 153021, 76.9231, 4.50, 69.2308),
(2, 161511, 76.9231, 4.40, 67.6924),
(3, 72108, 74.9345, 3.24, 48.5576),
(3, 73696, 108.7064, 3.43, 74.5726),
(3, 75340, 74.9345, 3.50, 52.4542),
(3, 76203, 68.7425, 3.70, 50.8695),
(3, 78310, 108.7064, 3.06, 66.5283),
(3, 81189, 74.9345, 4.16, 62.3455),
(3, 83462, 74.9345, 2.74, 41.0641),
(3, 153021, 68.7425, 4.50, 61.8683),
(3, 161511, 68.7425, 4.40, 60.4934),
(3, 175001, 55.3333, 4.20, 46.4800),
(3, 193131, 55.3333, 4.30, 47.5866),
(3, 248837, 55.3333, 2.10, 23.2400),
(3, 257655, 55.3333, 1.00, 11.0667),
(3, 265766, 55.3333, 5.00, 55.3333),
(3, 268156, 55.3333, 4.85, 53.6733),
(3, 270915, 55.3333, 5.00, 55.3333),
(3, 272127, 55.3333, 1.50, 16.6000),
(3, 276564, 55.3333, 2.50, 27.6667),
(3, 277462, 55.3333, 0.70, 7.7467),
(3, 279121, 55.3333, 2.00, 22.1333),
(3, 281535, 55.3333, 3.10, 34.3066),
(3, 281620, 55.3333, 4.80, 53.1200),
(3, 281697, 55.3333, 3.90, 43.1600),
(3, 294973, 55.3333, 4.10, 45.3733),
(4, 72546, 111.0230, 3.97, 88.1523),
(4, 76203, 76.9448, 3.70, 56.9392),
(4, 134241, 86.6060, 3.88, 67.2063),
(4, 153021, 76.9448, 4.50, 69.2503),
(4, 161511, 76.9448, 4.40, 67.7114),
(4, 175001, 58.7371, 4.20, 49.3392),
(4, 193131, 58.7371, 4.30, 50.5139),
(4, 248837, 58.7371, 2.10, 24.6696),
(4, 257655, 58.7371, 1.00, 11.7474),
(4, 265766, 58.7371, 5.00, 58.7371),
(4, 268156, 58.7371, 4.85, 56.9750),
(4, 270915, 58.7371, 5.00, 58.7371),
(4, 272127, 58.7371, 1.50, 17.6211),
(4, 276564, 58.7371, 2.50, 29.3686),
(4, 277462, 58.7371, 0.70, 8.2232),
(4, 279121, 58.7371, 2.00, 23.4948),
(4, 281535, 58.7371, 3.10, 36.4170),
(4, 281620, 58.7371, 4.80, 56.3876),
(4, 281697, 58.7371, 3.90, 45.8149),
(4, 294973, 58.7371, 4.10, 48.1644),
(6, 72108, 63.1206, 3.24, 40.9149),
(6, 72546, 72.3404, 3.93, 56.8794),
(6, 73696, 73.0496, 3.33, 48.7092),
(6, 75340, 63.1206, 3.50, 44.1801),
(6, 76203, 35.4610, 3.70, 26.2411),
(6, 78310, 73.0496, 3.15, 45.9574),
(6, 81189, 63.1206, 2.02, 25.5135),
(6, 83462, 63.1206, 2.74, 34.5390),
(6, 94571, 90.0709, 4.20, 75.6851),
(6, 153021, 35.4610, 4.50, 31.9149),
(6, 161511, 35.4610, 4.40, 31.2057),
(6, 248835, 100.0000, 3.65, 73.0496),
(8, 72108, 101.7008, 3.22, 65.4953),
(8, 72546, 105.9788, 3.95, 83.7233),
(8, 73696, 101.7008, 3.22, 65.4953),
(8, 75340, 101.7008, 3.55, 72.2076),
(8, 75682, 114.2623, 3.58, 81.8118),
(8, 76203, 93.4476, 3.70, 69.1512),
(8, 78310, 101.7008, 3.18, 64.6817),
(8, 81189, 101.7008, 4.21, 85.6321),
(8, 83462, 101.7008, 2.82, 57.3593),
(8, 121361, 114.2623, 3.56, 81.3548),
(8, 134241, 101.7240, 3.91, 79.5482),
(8, 161511, 93.4476, 4.40, 82.2339),
(8, 193131, 55.4187, 4.30, 47.6601),
(8, 248835, 116.4010, 3.58, 83.3431),
(8, 248837, 55.4187, 2.10, 23.2759),
(8, 257655, 55.4187, 1.00, 11.0837),
(8, 265766, 55.4187, 5.00, 55.4187),
(8, 268156, 55.4187, 4.85, 53.7561),
(8, 270915, 55.4187, 5.00, 55.4187),
(8, 272127, 55.4187, 1.50, 16.6256),
(8, 276564, 55.4187, 2.50, 27.7094),
(8, 277462, 55.4187, 0.70, 7.7586),
(8, 279121, 55.4187, 2.00, 22.1675),
(8, 281535, 55.4187, 3.10, 34.3596),
(8, 281620, 55.4187, 4.80, 53.2020),
(8, 281697, 55.4187, 3.90, 43.2266),
(8, 294973, 55.4187, 4.10, 45.4433),
(9, 71223, 78.9842, 2.00, 31.5937),
(9, 72546, 92.7392, 3.71, 68.8125),
(9, 73244, 75.2410, 5.00, 75.2410),
(9, 73255, 105.0852, 4.30, 90.3733),
(9, 73696, 106.9511, 3.78, 80.8550),
(9, 73730, 76.3432, 3.00, 45.8059),
(9, 74205, 87.6620, 4.50, 78.8958),
(9, 74543, 112.7468, 4.03, 90.8739),
(9, 75340, 127.8137, 3.43, 87.6802),
(9, 75682, 138.4288, 2.70, 74.7516),
(9, 75897, 90.0960, 4.00, 72.0768),
(9, 75930, 90.7589, 4.00, 72.6071),
(9, 76143, 99.6772, 2.64, 52.6296),
(9, 76156, 106.9988, 4.36, 93.3030),
(9, 76203, 67.0187, 4.20, 56.2957),
(9, 76290, 104.6977, 4.46, 93.3903),
(9, 78261, 87.6620, 5.00, 87.6620),
(9, 78310, 106.9511, 3.21, 68.6626),
(9, 79168, 132.9559, 4.29, 114.0762),
(9, 79337, 87.6620, 4.66, 81.7010),
(9, 79349, 137.6545, 3.65, 100.4878),
(9, 79509, 67.0187, 3.40, 45.5727),
(9, 79689, 87.6620, 5.00, 87.6620),
(9, 79773, 77.3317, 3.70, 57.2255),
(9, 80337, 106.9988, 4.94, 105.7148),
(9, 80349, 126.9365, 3.94, 100.0260),
(9, 80379, 75.2410, 3.00, 45.1446),
(9, 81189, 167.0289, 4.27, 142.6427),
(9, 82046, 67.0187, 2.00, 26.8075),
(9, 82283, 88.6258, 3.97, 70.3689),
(9, 82459, 69.8488, 4.50, 62.8639),
(9, 82716, 80.9075, 2.57, 41.5865),
(9, 83123, 50.0000, NULL, NULL),
(9, 83462, 108.0004, 2.38, 51.4082),
(9, 83602, 90.8977, 3.65, 66.3553),
(9, 84024, 78.9842, 4.00, 63.1874),
(9, 84912, 77.3509, 4.20, 64.9748),
(9, 84947, 86.7683, 4.36, 75.6620),
(9, 94571, 172.2391, 4.13, 142.2695),
(9, 95491, 88.6258, 2.24, 39.7044),
(9, 108611, 77.3317, 5.00, 77.3317),
(9, 124051, 106.0617, 3.59, 76.1523),
(9, 129261, 97.3349, 3.84, 74.7532),
(9, 134241, 99.9009, 3.83, 76.5241),
(9, 134511, 96.3645, 4.36, 84.0298),
(9, 161511, 92.7540, 4.59, 85.1482),
(9, 168151, 77.3317, 3.80, 58.7721),
(9, 175001, 77.4426, 3.60, 55.7587),
(9, 176941, 78.9842, 5.00, 78.9842),
(9, 193131, 88.0488, 3.54, 62.3386),
(9, 205281, 67.0187, 2.60, 34.8497),
(9, 220411, 76.3432, 4.75, 72.5260),
(9, 247773, 76.3432, 2.50, 38.1716),
(9, 247808, 150.8467, 3.79, 114.3418),
(9, 247897, 137.7049, 4.40, 121.1803),
(9, 248646, 67.0187, 1.20, 16.0845),
(9, 248741, 67.0187, 2.90, 38.8708),
(9, 248742, 77.3317, 4.50, 69.5985),
(9, 248835, 106.4880, 3.70, 78.8011),
(9, 248837, 94.7972, 2.40, 45.5027),
(9, 248841, 76.3432, 4.70, 71.7626),
(9, 248880, 76.3432, 3.00, 45.8059),
(9, 249882, 92.7540, 1.72, 31.9074),
(9, 250487, 76.3432, 4.00, 61.0746),
(9, 251562, 74.4565, 4.30, 64.0326),
(9, 255316, 67.0187, 3.10, 41.5516),
(9, 257655, 115.3207, 2.04, 47.0508),
(9, 258171, 67.0187, 2.20, 29.4882),
(9, 258744, 77.3317, 4.50, 69.5985),
(9, 258959, 76.3432, 1.50, 22.9030),
(9, 259765, 94.2516, 4.10, 77.2863),
(9, 260315, 76.3432, 3.50, 53.4402),
(9, 260320, 87.6620, 4.50, 78.8958),
(9, 260338, 67.0187, 3.50, 46.9131),
(9, 262414, 67.0187, 1.60, 21.4460),
(9, 262980, 119.5302, 4.34, 103.7522),
(9, 264586, 76.3432, 3.80, 58.0208),
(9, 265766, 81.3868, 5.00, 81.3868),
(9, 265912, 83.1795, 2.47, 41.0907),
(9, 268156, 67.6911, 4.85, 65.6604),
(9, 268591, 76.3432, 2.50, 38.1716),
(9, 269602, 76.3432, 2.50, 38.1716),
(9, 269613, 94.2516, 2.86, 53.9119),
(9, 269642, 67.0187, 3.10, 41.5516),
(9, 270439, 95.3422, 4.00, 76.2738),
(9, 270633, 95.3422, 4.58, 87.3335),
(9, 270915, 67.6911, 5.00, 67.6911),
(9, 272127, 89.9608, 1.57, 28.2477),
(9, 272644, 89.4815, 3.41, 61.0264),
(9, 273181, 113.7206, 4.58, 104.1681),
(9, 276564, 67.6911, 2.50, 33.8456),
(9, 277462, 67.6911, 0.70, 9.4768),
(9, 279121, 67.6911, 2.00, 27.0764),
(9, 279201, 77.3317, 5.00, 77.3317),
(9, 281535, 67.6911, 3.10, 41.9685),
(9, 281620, 67.6911, 4.80, 64.9835),
(9, 281662, 77.3317, 3.00, 46.3990),
(9, 281697, 67.6911, 3.90, 52.7991),
(9, 284409, 76.3432, 0.00, 0.0000),
(9, 294973, 67.6911, 4.10, 55.5067),
(10, 71663, 69.1930, 4.60, 63.6576),
(10, 72108, 120.7194, 3.21, 77.5019),
(10, 72164, 78.0493, 3.29, 51.3564),
(10, 72449, 69.1930, 3.70, 51.2028),
(10, 73255, 67.3170, 4.70, 63.2780),
(10, 73696, 120.7194, 2.90, 70.0173),
(10, 73800, 78.0493, 3.47, 54.1662),
(10, 73838, 67.3170, 5.00, 67.3170),
(10, 74543, 67.3170, 5.00, 67.3170),
(10, 75682, 139.5478, 3.63, 101.3117),
(10, 76156, 67.3170, 4.00, 53.8536),
(10, 76203, 108.5789, 3.70, 80.3484),
(10, 78310, 120.7194, 3.25, 78.4676),
(10, 79773, 67.3170, 3.70, 49.8146),
(10, 80337, 67.3170, 5.00, 67.3170),
(10, 80349, 67.3170, 5.00, 67.3170),
(10, 80547, 67.3170, 3.80, 51.1609),
(10, 81189, 111.0066, 4.47, 99.2399),
(10, 82283, 67.3170, 3.00, 40.3902),
(10, 82459, 70.9776, 4.32, 61.3246),
(10, 83123, 59.9882, 3.00, 35.9929),
(10, 83462, 103.7675, 3.39, 70.3544),
(10, 83602, 67.3170, 3.80, 51.1609),
(10, 84912, 59.9882, 3.20, 38.3924),
(10, 94571, 128.7457, 4.49, 115.6136),
(10, 95491, 67.3170, 2.00, 26.9268),
(10, 108611, 67.3170, 5.00, 67.3170),
(10, 121361, 139.5478, 3.56, 99.3580),
(10, 134511, 67.3170, 4.60, 61.9316),
(10, 146711, 69.1930, 3.80, 52.5867),
(10, 153021, 112.3039, 4.00, 89.8431),
(10, 161511, 108.5789, 4.40, 95.5494),
(10, 168151, 67.3170, 3.80, 51.1609),
(10, 175001, 66.3471, 3.47, 46.0449),
(10, 193131, 60.6628, 4.30, 52.1700),
(10, 247808, 67.3170, 5.00, 67.3170),
(10, 247897, 67.3170, 4.00, 53.8536),
(10, 248742, 67.3170, 4.50, 60.5853),
(10, 248835, 125.9101, 3.55, 89.3962),
(10, 248837, 71.4959, 2.35, 33.6031),
(10, 249598, 69.1930, 4.50, 62.2737),
(10, 257655, 71.4959, 1.93, 27.5974),
(10, 258744, 67.3170, 4.50, 60.5853),
(10, 265766, 60.6628, 5.00, 60.6628),
(10, 268156, 60.6628, 4.85, 58.8429),
(10, 270915, 60.6628, 5.00, 60.6628),
(10, 272127, 60.6628, 1.50, 18.1988),
(10, 276564, 60.6628, 2.50, 30.3314),
(10, 277462, 60.6628, 0.70, 8.4928),
(10, 279121, 60.6628, 2.00, 24.2651),
(10, 279201, 67.3170, 5.00, 67.3170),
(10, 281535, 60.6628, 3.10, 37.6109),
(10, 281620, 60.6628, 4.80, 58.2363),
(10, 281662, 67.3170, 3.00, 40.3902),
(10, 281697, 60.6628, 3.90, 47.3170),
(10, 294973, 60.6628, 4.10, 49.7435),
(12, 71663, 78.9821, 4.60, 72.6635),
(12, 72108, 97.7333, 3.12, 60.9856),
(12, 72164, 78.9821, 4.00, 63.1857),
(12, 72449, 78.9821, 3.70, 58.4468),
(12, 72546, 70.8785, 3.10, 43.9447),
(12, 73696, 82.6243, 3.13, 51.7228),
(12, 73800, 78.9821, 4.80, 75.8228),
(12, 75340, 82.6243, 3.61, 59.6547),
(12, 75682, 106.2012, 2.70, 57.3486),
(12, 75760, 78.9821, 4.60, 72.6635),
(12, 76203, 78.2175, 3.70, 57.8810),
(12, 78310, 82.6243, 3.19, 52.7143),
(12, 81189, 82.6243, 4.27, 70.5612),
(12, 82459, 78.9197, 4.00, 63.1358),
(12, 83123, 78.9197, 3.00, 47.3518),
(12, 83462, 82.6243, 2.91, 48.0873),
(12, 84912, 78.9197, 3.20, 50.5086),
(12, 94571, 94.5276, 4.51, 85.2639),
(12, 129261, 78.9197, 4.99, 78.7619),
(12, 134241, 99.8262, 3.80, 75.8679),
(12, 153021, 106.2545, 3.76, 79.9034),
(12, 248835, 78.8017, 3.05, 48.0690),
(12, 249598, 78.9821, 4.50, 71.0839),
(12, 259765, 78.2175, 4.20, 65.7027),
(12, 268156, 98.0608, 4.85, 95.1190),
(12, 270915, 98.0608, 5.00, 98.0608),
(12, 272127, 98.0608, 1.50, 29.4182),
(12, 276564, 98.0608, 2.50, 49.0304),
(12, 277462, 98.0608, 0.70, 13.7285),
(12, 279121, 98.0608, 2.00, 39.2243),
(12, 281535, 98.0608, 3.10, 60.7977),
(12, 281620, 98.0608, 4.80, 94.1384),
(12, 281697, 98.0608, 3.90, 76.4874),
(12, 294973, 98.0608, 4.10, 80.4099),
(13, 71223, 67.7656, 2.00, 27.1062),
(13, 71663, 60.5277, 3.00, 36.3166),
(13, 72108, 91.6723, 3.59, 65.8207),
(13, 72164, 64.9606, 2.50, 32.4803),
(13, 72449, 66.1325, 2.74, 36.2406),
(13, 72546, 58.1213, 3.10, 36.0352),
(13, 73244, 60.5277, 5.00, 60.5277),
(13, 73255, 74.7970, 4.16, 62.2311),
(13, 73696, 91.6723, 3.97, 72.7878),
(13, 73800, 109.9125, 2.83, 62.2105),
(13, 73838, 69.0279, 4.76, 65.7146),
(13, 74205, 60.1517, 4.50, 54.1365),
(13, 74543, 78.3474, 4.18, 65.4984),
(13, 75340, 96.2606, 3.25, 62.5694),
(13, 75682, 100.9491, 2.23, 45.0233),
(13, 75760, 118.9963, 4.10, 97.5770),
(13, 75897, 60.5277, 4.00, 48.4222),
(13, 75930, 99.2294, 4.00, 79.3835),
(13, 76143, 106.5370, 2.36, 50.2855),
(13, 76156, 74.3927, 4.35, 64.7216),
(13, 76203, 58.1213, 4.20, 48.8219),
(13, 76290, 73.0031, 4.76, 69.4990),
(13, 78261, 60.1517, 5.00, 60.1517),
(13, 78310, 91.6723, 3.16, 57.9369),
(13, 79168, 108.2736, 4.30, 93.1153),
(13, 79337, 60.1517, 4.66, 56.0614),
(13, 79349, 117.7257, 3.79, 89.2361),
(13, 79509, 58.1213, 3.40, 39.5225),
(13, 79689, 60.1517, 5.00, 60.1517),
(13, 79773, 64.9606, 3.70, 48.0708),
(13, 80337, 74.3927, 4.94, 73.5000),
(13, 80349, 78.3474, 4.06, 63.6181),
(13, 80379, 60.5277, 3.00, 36.3166),
(13, 80547, 104.7068, 2.28, 47.7463),
(13, 82046, 58.1213, 2.00, 23.2485),
(13, 82283, 64.9606, 3.00, 38.9764),
(13, 82459, 64.9606, 4.50, 58.4645),
(13, 82716, 58.1213, 1.90, 22.0861),
(13, 83462, 93.5921, 2.20, 41.1805),
(13, 83602, 74.7970, 3.64, 54.4522),
(13, 84024, 67.7656, 4.00, 54.2125),
(13, 84912, 60.1517, 4.40, 52.9335),
(13, 84947, 60.5277, 5.00, 60.5277),
(13, 94571, 110.7045, 4.10, 90.7777),
(13, 95491, 64.9606, 2.00, 25.9842),
(13, 108611, 64.9606, 5.00, 64.9606),
(13, 121361, 143.8117, 3.41, 98.0796),
(13, 124051, 66.1325, 2.98, 39.4150),
(13, 129261, 74.7970, 3.96, 59.2392),
(13, 134231, 60.1517, 3.30, 39.7001),
(13, 134241, 58.1213, 4.30, 49.9843),
(13, 134511, 77.9568, 4.34, 67.6665),
(13, 153021, 69.6148, 4.02, 55.9703),
(13, 161511, 64.5485, 4.63, 59.7719),
(13, 168151, 64.9606, 3.80, 49.3701),
(13, 176941, 67.7656, 5.00, 67.7656),
(13, 193131, 58.1213, 3.60, 41.8473),
(13, 205281, 58.1213, 2.60, 30.2231),
(13, 247808, 109.9125, 3.46, 76.0595),
(13, 247897, 88.5026, 4.32, 76.4662),
(13, 248646, 58.1213, 1.20, 13.9491),
(13, 248741, 58.1213, 2.90, 33.7104),
(13, 248742, 64.9606, 4.50, 58.4645),
(13, 248835, 84.7990, 3.38, 57.3241),
(13, 248837, 64.9606, 2.50, 32.4803),
(13, 249882, 64.5485, 1.00, 12.9097),
(13, 255316, 58.1213, 3.10, 36.0352),
(13, 257655, 77.9568, 2.28, 35.5483),
(13, 258171, 58.1213, 2.20, 25.5734),
(13, 258744, 64.9606, 4.50, 58.4645),
(13, 259765, 69.6148, 4.20, 58.4764),
(13, 260320, 60.1517, 4.50, 54.1365),
(13, 260338, 58.1213, 3.50, 40.6849),
(13, 262414, 58.1213, 1.60, 18.5988),
(13, 262980, 79.3464, 4.33, 68.7140),
(13, 263677, 60.1517, 4.40, 52.9335),
(13, 265912, 69.6148, 2.46, 34.2505),
(13, 269613, 69.6148, 2.72, 37.8705),
(13, 269642, 58.1213, 3.10, 36.0352),
(13, 270439, 66.1325, 4.10, 54.2287),
(13, 270633, 66.1325, 4.60, 60.8419),
(13, 272127, 60.1517, 1.60, 19.2485),
(13, 272644, 64.2551, 3.37, 43.3079),
(13, 273181, 80.1644, 4.58, 73.4306),
(13, 279201, 64.9606, 5.00, 64.9606),
(13, 281662, 64.9606, 3.00, 38.9764),
(15, 70327, 61.1233, 4.70, 57.4559),
(15, 70533, 59.3299, 3.60, 42.7175),
(15, 71223, 77.4279, 2.16, 33.4489),
(15, 71663, 75.9926, 4.07, 61.8580),
(15, 72173, 61.1233, 5.00, 61.1233),
(15, 72449, 82.3485, 3.14, 51.7149),
(15, 72546, 95.0747, 3.69, 70.1651),
(15, 73244, 66.2283, 4.77, 63.1818),
(15, 73545, 59.3299, 3.77, 44.7347),
(15, 73730, 60.6538, 3.00, 36.3923),
(15, 73871, 59.3299, 4.00, 47.4639),
(15, 74205, 73.1075, 4.39, 64.1884),
(15, 74845, 59.3299, 4.60, 54.5835),
(15, 75397, 59.3299, 4.10, 48.6505),
(15, 75710, 59.3299, 3.70, 43.9041),
(15, 75853, 61.1233, 4.80, 58.6784),
(15, 75897, 86.7346, 4.00, 69.3877),
(15, 75930, 75.1334, 4.00, 60.1067),
(15, 76107, 59.3299, 4.00, 47.4639),
(15, 76143, 87.1863, 2.88, 50.2193),
(15, 76203, 63.7260, 4.20, 53.5298),
(15, 77398, 59.3299, 3.70, 43.9041),
(15, 78261, 73.1075, 4.92, 71.9378),
(15, 79126, 59.3299, 4.90, 58.1433),
(15, 79168, 119.6416, 4.28, 102.4132),
(15, 79334, 59.3299, 4.75, 56.3634),
(15, 79337, 68.0001, 4.66, 63.3761),
(15, 79509, 63.7260, 3.40, 43.3337),
(15, 79511, 59.3299, 3.70, 43.9041),
(15, 79689, 68.0001, 5.00, 68.0001),
(15, 80348, 59.3299, 5.00, 59.3299),
(15, 80379, 66.2283, 3.78, 50.0686),
(15, 82046, 69.7163, 2.00, 27.8865),
(15, 82066, 59.3299, 4.80, 56.9567),
(15, 82467, 61.1233, 3.20, 39.1189),
(15, 82696, 59.3299, 3.90, 46.2773),
(15, 82716, 74.7120, 2.39, 35.7123),
(15, 82825, 59.3299, 5.00, 59.3299),
(15, 83123, 71.6737, 3.00, 43.0042),
(15, 83462, 96.6850, 2.53, 48.9226),
(15, 83463, 66.2283, 3.29, 43.5782),
(15, 84021, 59.3299, 4.44, 52.6850),
(15, 84024, 76.0049, 4.17, 63.3881),
(15, 84676, 59.3299, 4.30, 51.0237),
(15, 84912, 92.6626, 3.97, 73.5741),
(15, 84946, 59.3299, 4.50, 53.3969),
(15, 84947, 72.8040, 4.39, 63.9219),
(15, 85040, 59.3299, 4.30, 51.0237),
(15, 94971, 59.3299, 3.80, 45.0907),
(15, 95011, 61.1233, 3.00, 36.6740),
(15, 95021, 66.2283, 2.62, 34.7036),
(15, 95731, 59.3299, 3.80, 45.0907),
(15, 97371, 65.0033, 4.85, 63.0532),
(15, 124051, 91.2459, 3.81, 69.5294),
(15, 134231, 71.6845, 3.37, 48.3154),
(15, 134241, 88.1614, 3.87, 68.2369),
(15, 146711, 70.3571, 3.68, 51.7828),
(15, 148581, 61.1233, 3.10, 37.8964),
(15, 153021, 107.3492, 3.86, 82.8736),
(15, 158661, 66.2283, 2.88, 38.1475),
(15, 159591, 66.2283, 4.65, 61.5923),
(15, 161511, 88.3191, 4.44, 78.4274),
(15, 163531, 59.3299, 4.30, 51.0237),
(15, 164021, 59.3299, 3.50, 41.5309),
(15, 164091, 59.3299, 2.00, 23.7320),
(15, 164301, 66.2283, 3.05, 40.3993),
(15, 175001, 85.6589, 2.85, 48.8256),
(15, 176941, 82.1812, 4.95, 81.3594),
(15, 182061, 61.1233, 2.40, 29.3392),
(15, 193131, 72.7931, 3.55, 51.6831),
(15, 205281, 63.7260, 2.60, 33.1375),
(15, 206751, 66.2283, 3.14, 41.5914),
(15, 210841, 59.3299, 3.70, 43.9041),
(15, 211751, 66.2283, 3.67, 48.6116),
(15, 220411, 60.6538, 4.75, 57.6211),
(15, 229981, 61.1233, 2.00, 24.4493),
(15, 247773, 60.6538, 2.50, 30.3269),
(15, 248646, 63.7260, 1.20, 15.2942),
(15, 248682, 61.1233, 3.60, 44.0088),
(15, 248736, 66.2283, 2.78, 36.8229),
(15, 248741, 75.0562, 3.31, 49.6872),
(15, 248835, 115.4454, 3.68, 84.9678),
(15, 248841, 60.6538, 4.70, 57.0146),
(15, 248880, 67.2787, 1.98, 26.6424),
(15, 248935, 59.3299, 3.80, 45.0907),
(15, 249598, 65.0033, 4.50, 58.5030),
(15, 249882, 81.5135, 1.75, 28.5297),
(15, 250487, 72.8040, 3.85, 56.0591),
(15, 251562, 68.3585, 4.26, 58.2414),
(15, 253463, 59.3299, 4.85, 57.5500),
(15, 255316, 69.7163, 3.06, 42.6664),
(15, 255326, 59.3299, 3.30, 39.1577),
(15, 255413, 59.3299, 4.15, 49.2438),
(15, 255888, 59.3299, 3.80, 45.0907),
(15, 256637, 59.3299, 4.20, 49.8371),
(15, 258171, 68.2933, 2.60, 35.5125),
(15, 258773, 59.3299, 3.90, 46.2773),
(15, 258823, 59.3299, 4.50, 53.3969),
(15, 258959, 60.6538, 1.50, 18.1961),
(15, 259057, 59.3299, 2.40, 28.4784),
(15, 259765, 93.6526, 4.06, 76.0459),
(15, 260315, 65.8557, 3.59, 47.2844),
(15, 260320, 68.0001, 4.50, 61.2001),
(15, 260338, 63.7260, 3.50, 44.6082),
(15, 261557, 61.1233, 4.70, 57.4559),
(15, 261802, 59.3299, 4.00, 47.4639),
(15, 262414, 63.7260, 1.60, 20.3923),
(15, 263365, 59.3299, 4.10, 48.6505),
(15, 263677, 68.0001, 4.40, 59.8401),
(15, 264586, 72.8040, 3.50, 50.9628),
(15, 264991, 59.3299, 3.60, 42.7175),
(15, 265766, 64.2220, 5.00, 64.2220),
(15, 265912, 79.4929, 2.47, 39.2695),
(15, 266091, 59.3299, 4.30, 51.0237),
(15, 267260, 59.3299, 4.00, 47.4639),
(15, 268156, 63.1378, 4.70, 59.3495),
(15, 268591, 65.8557, 2.97, 39.1183),
(15, 268592, 59.3299, 3.60, 42.7175),
(15, 269533, 59.3299, 4.20, 49.8371),
(15, 269578, 61.1233, 2.70, 33.0066),
(15, 269602, 60.6538, 2.50, 30.3269),
(15, 269613, 87.3722, 2.86, 49.9769),
(15, 269642, 63.7260, 3.10, 39.5101),
(15, 269643, 59.3299, 4.70, 55.7701),
(15, 270019, 59.3299, 4.50, 53.3969),
(15, 270439, 73.1075, 4.12, 60.2406),
(15, 270633, 84.8478, 4.53, 76.8721),
(15, 270915, 56.7124, 5.00, 56.7124),
(15, 272127, 74.9558, 2.24, 33.5802),
(15, 272644, 75.1725, 3.37, 50.6663),
(15, 273181, 101.7879, 4.57, 93.0341),
(15, 273690, 59.3299, 3.80, 45.0907),
(15, 274431, 59.3299, 4.60, 54.5835),
(15, 275278, 59.3299, 3.50, 41.5309),
(15, 276564, 56.7124, 2.50, 28.3562),
(15, 277165, 59.3299, 4.70, 55.7701),
(15, 277462, 56.7124, 0.70, 7.9397),
(15, 279121, 63.1378, 3.16, 39.9031),
(15, 281485, 66.2283, 4.15, 54.9695),
(15, 281535, 56.7124, 3.10, 35.1617),
(15, 281620, 69.9146, 4.64, 64.8807),
(15, 281630, 59.3299, 4.70, 55.7701),
(15, 281696, 59.3299, 4.00, 47.4639),
(15, 281697, 56.7124, 3.90, 44.2357),
(15, 283318, 59.3299, 4.20, 49.8371),
(15, 284409, 60.6538, 0.00, 0.0000),
(15, 294973, 56.7124, 4.10, 46.5042),
(16, 71663, 73.5843, 4.60, 67.6976),
(16, 72108, 119.3426, 3.38, 80.6756),
(16, 72164, 85.6252, 3.22, 55.1426),
(16, 72449, 73.5843, 3.70, 54.4524),
(16, 72546, 127.7661, 3.51, 89.6918),
(16, 73696, 115.9622, 3.42, 79.3181),
(16, 73730, 59.0590, 3.00, 35.4354),
(16, 73800, 85.6252, 3.34, 57.1976),
(16, 73838, 75.6113, 5.00, 75.6113),
(16, 74543, 75.6113, 5.00, 75.6113),
(16, 75340, 134.3473, 3.91, 105.0596),
(16, 76156, 75.6113, 4.00, 60.4890),
(16, 76203, 83.2965, 3.70, 61.6394),
(16, 76290, 103.8569, 4.08, 84.7472),
(16, 78310, 115.9622, 3.21, 74.4477),
(16, 79773, 75.6113, 3.70, 55.9524),
(16, 80337, 75.6113, 5.00, 75.6113),
(16, 80349, 75.6113, 5.00, 75.6113),
(16, 80547, 75.1067, 3.79, 56.9309),
(16, 82283, 75.1067, 3.52, 52.8751),
(16, 82459, 85.9031, 4.26, 73.1894),
(16, 82716, 59.0590, 3.00, 35.4354),
(16, 83123, 73.9681, 3.00, 44.3809),
(16, 84912, 73.9681, 3.20, 47.3396),
(16, 84947, 59.0590, 3.75, 44.2943),
(16, 95491, 75.1067, 2.13, 31.9955),
(16, 108611, 75.6113, 5.00, 75.6113),
(16, 124051, 59.0590, 4.50, 53.1531),
(16, 134241, 123.4169, 3.96, 97.7462),
(16, 146711, 73.6388, 3.72, 54.7873),
(16, 161511, 81.1513, 4.42, 71.7377),
(16, 168151, 75.6113, 3.80, 57.4646),
(16, 175001, 77.8741, 3.17, 49.3722),
(16, 193131, 64.6302, 3.70, 47.8263),
(16, 220411, 59.0590, 4.75, 56.1061),
(16, 247773, 59.0590, 2.50, 29.5295),
(16, 247808, 75.1067, 4.87, 73.1539),
(16, 248742, 75.6113, 4.50, 68.0502),
(16, 248835, 118.4904, 3.74, 88.6308),
(16, 248837, 78.9236, 2.41, 38.0412),
(16, 248841, 59.0590, 4.70, 55.5155),
(16, 248880, 59.0590, 3.00, 35.4354),
(16, 249598, 73.5843, 4.50, 66.2259),
(16, 249882, 59.0590, 3.00, 35.4354),
(16, 250487, 59.0590, 4.00, 47.2472),
(16, 251562, 97.8104, 4.30, 84.1169),
(16, 258744, 75.6113, 4.50, 68.0502),
(16, 258959, 59.0590, 1.50, 17.7177),
(16, 260315, 59.0590, 3.50, 41.3413),
(16, 264586, 59.0590, 3.80, 44.8848),
(16, 265766, 64.6302, 5.00, 64.6302),
(16, 268156, 60.6146, 4.85, 58.7962),
(16, 268591, 59.0590, 2.50, 29.5295),
(16, 269602, 59.0590, 2.50, 29.5295),
(16, 270915, 60.6146, 5.00, 60.6146),
(16, 272127, 60.6146, 1.50, 18.1844),
(16, 276564, 60.6146, 2.50, 30.3073),
(16, 277462, 60.6146, 0.70, 8.4860),
(16, 279121, 60.6146, 2.00, 24.2458),
(16, 279201, 75.6113, 5.00, 75.6113),
(16, 281535, 60.6146, 3.10, 37.5811),
(16, 281620, 60.6146, 4.80, 58.1900),
(16, 281662, 75.6113, 3.00, 45.3668),
(16, 281697, 60.6146, 3.90, 47.2794),
(16, 284409, 59.0590, 0.00, 0.0000),
(16, 294973, 60.6146, 4.10, 49.7040),
(17, 70533, 62.7293, 3.60, 45.1651),
(17, 71223, 74.8206, 2.00, 29.9282),
(17, 71663, 104.5505, 3.73, 77.9947),
(17, 72108, 99.7130, 3.38, 67.4060),
(17, 72164, 83.8185, 3.35, 56.1584),
(17, 72546, 77.8056, 3.60, 56.0200),
(17, 73244, 92.1279, 4.89, 90.1011),
(17, 73255, 115.5493, 4.35, 100.5279),
(17, 73545, 62.7293, 3.77, 47.2979),
(17, 73696, 85.9409, 3.48, 59.8149),
(17, 73730, 60.2195, 3.00, 36.1317),
(17, 73871, 62.7293, 4.00, 50.1834),
(17, 74845, 62.7293, 4.60, 57.7110),
(17, 75340, 122.0773, 3.25, 79.3502),
(17, 75397, 62.7293, 4.10, 51.4380),
(17, 75682, 110.1032, 2.85, 62.7588),
(17, 75710, 62.7293, 3.70, 46.4197),
(17, 75897, 118.1191, 4.00, 94.4953),
(17, 75930, 85.5422, 4.00, 68.4338),
(17, 76107, 62.7293, 4.00, 50.1834),
(17, 76143, 96.6561, 2.72, 52.5809),
(17, 76203, 65.3505, 4.20, 54.8944),
(17, 76290, 112.6359, 4.68, 105.4272),
(17, 77398, 62.7293, 3.70, 46.4197),
(17, 78310, 85.9409, 3.27, 56.2053),
(17, 79126, 62.7293, 4.90, 61.4747),
(17, 79168, 151.8417, 4.24, 128.7618),
(17, 79334, 62.7293, 4.75, 59.5928),
(17, 79349, 142.6915, 3.66, 104.4502),
(17, 79509, 65.3505, 3.40, 44.4383),
(17, 79511, 62.7293, 3.70, 46.4197),
(17, 79773, 69.9766, 3.70, 51.7827),
(17, 80348, 62.7293, 5.00, 62.7293),
(17, 80379, 92.1279, 3.38, 62.2785),
(17, 80547, 111.8949, 2.92, 65.3466),
(17, 82046, 65.3505, 2.00, 26.1402),
(17, 82066, 62.7293, 4.80, 60.2201),
(17, 82283, 78.2742, 3.83, 59.9580),
(17, 82459, 83.7741, 4.10, 68.6948),
(17, 82696, 62.7293, 3.90, 48.9289),
(17, 82716, 75.2270, 2.37, 35.6576),
(17, 82825, 62.7293, 5.00, 62.7293),
(17, 83123, 68.5693, 3.00, 41.1416),
(17, 83462, 89.4783, 2.70, 48.3183),
(17, 83463, 62.7293, 3.75, 47.0470),
(17, 83602, 88.2384, 3.71, 65.4729),
(17, 84021, 62.7293, 4.44, 55.7036),
(17, 84024, 78.1315, 4.20, 65.6305),
(17, 84676, 62.7293, 4.30, 53.9472),
(17, 84946, 62.7293, 4.50, 56.4564),
(17, 84947, 94.2898, 4.70, 88.6324),
(17, 85040, 62.7293, 4.30, 53.9472),
(17, 94971, 62.7293, 3.80, 47.6743),
(17, 95021, 62.7293, 3.00, 37.6376),
(17, 95491, 72.3095, 2.17, 31.3823),
(17, 95731, 62.7293, 3.80, 47.6743),
(17, 97371, 75.2613, 4.85, 73.0035),
(17, 108611, 69.9766, 5.00, 69.9766),
(17, 129261, 97.5661, 4.12, 80.3945),
(17, 134241, 82.3683, 3.88, 63.9178),
(17, 134511, 95.4084, 4.38, 83.5778),
(17, 146711, 76.6097, 3.71, 56.8444),
(17, 153021, 108.1451, 3.62, 78.2971),
(17, 158661, 62.7293, 3.10, 38.8922),
(17, 159591, 62.7293, 4.60, 57.7110),
(17, 161511, 101.0916, 4.61, 93.2065),
(17, 163531, 62.7293, 4.30, 53.9472),
(17, 164021, 62.7293, 3.50, 43.9105),
(17, 164091, 62.7293, 2.00, 25.0917),
(17, 164301, 62.7293, 4.30, 53.9472),
(17, 168151, 69.9766, 3.80, 53.1822),
(17, 175001, 75.6219, 3.22, 48.7005),
(17, 176941, 78.1315, 5.00, 78.1315),
(17, 193131, 73.5017, 3.63, 53.3622),
(17, 205281, 65.3505, 2.60, 33.9823),
(17, 206751, 62.7293, 4.38, 54.9509),
(17, 210841, 62.7293, 3.70, 46.4197),
(17, 211751, 62.7293, 4.00, 50.1834),
(17, 220411, 60.2195, 4.75, 57.2085),
(17, 247773, 60.2195, 2.50, 30.1098),
(17, 248646, 65.3505, 1.20, 15.6841),
(17, 248736, 62.7293, 3.70, 46.4197),
(17, 248741, 70.7459, 3.79, 53.6254),
(17, 248742, 74.1638, 4.31, 63.9292),
(17, 248835, 87.8484, 3.57, 62.7238),
(17, 248837, 76.5489, 2.40, 36.7435),
(17, 248841, 60.2195, 4.70, 56.6063),
(17, 248880, 60.2195, 3.00, 36.1317),
(17, 248935, 62.7293, 3.80, 47.6743),
(17, 249598, 75.2613, 4.50, 67.7352),
(17, 249882, 101.0916, 1.05, 21.2292),
(17, 250487, 67.4316, 3.72, 50.1691),
(17, 251562, 69.0082, 4.25, 58.6570),
(17, 253463, 62.7293, 4.85, 60.8474),
(17, 255316, 65.3505, 3.10, 40.5173),
(17, 255326, 62.7293, 3.30, 41.4013),
(17, 255413, 62.7293, 4.15, 52.0653),
(17, 255888, 62.7293, 3.80, 47.6743),
(17, 256637, 62.7293, 4.20, 52.6926),
(17, 257655, 104.2287, 2.43, 50.6551),
(17, 258171, 70.7459, 2.65, 37.4953),
(17, 258744, 69.9766, 4.50, 62.9789),
(17, 258773, 62.7293, 3.90, 48.9289),
(17, 258823, 62.7293, 4.50, 56.4564),
(17, 258959, 60.2195, 1.50, 18.0659),
(17, 259057, 62.7293, 2.40, 30.1101),
(17, 259765, 85.3686, 4.13, 70.5145),
(17, 260315, 67.4316, 3.61, 48.6856),
(17, 260338, 65.3505, 3.50, 45.7454),
(17, 261802, 62.7293, 4.00, 50.1834),
(17, 262414, 65.3505, 1.60, 20.9122),
(17, 263365, 62.7293, 4.10, 51.4380),
(17, 264586, 67.4316, 3.91, 52.7315),
(17, 264991, 62.7293, 3.60, 45.1651),
(17, 265766, 65.4420, 5.00, 65.4420),
(17, 265912, 80.0681, 2.48, 39.7138),
(17, 266091, 62.7293, 4.30, 53.9472),
(17, 267260, 62.7293, 4.00, 50.1834),
(17, 268156, 67.3484, 4.71, 63.4422),
(17, 268591, 67.4316, 3.05, 41.1333),
(17, 268592, 62.7293, 3.60, 45.1651),
(17, 269533, 62.7293, 4.20, 52.6926),
(17, 269602, 60.2195, 2.50, 30.1098),
(17, 269613, 85.3686, 2.88, 49.1723),
(17, 269642, 65.3505, 3.10, 40.5173),
(17, 269643, 62.7293, 4.70, 58.9655),
(17, 270019, 62.7293, 4.50, 56.4564),
(17, 270915, 60.1100, 5.00, 60.1100),
(17, 273690, 62.7293, 3.80, 47.6743),
(17, 274431, 62.7293, 4.60, 57.7110),
(17, 275278, 62.7293, 3.50, 43.9105),
(17, 276564, 60.1100, 2.50, 30.0550),
(17, 277165, 62.7293, 4.70, 58.9655),
(17, 277462, 60.1100, 0.70, 8.4154),
(17, 279121, 67.3484, 3.11, 41.8907),
(17, 279201, 69.9766, 5.00, 69.9766),
(17, 281485, 62.7293, 4.10, 51.4380),
(17, 281535, 60.1100, 3.10, 37.2682),
(17, 281620, 67.3484, 4.74, 63.8463),
(17, 281630, 62.7293, 4.70, 58.9655),
(17, 281662, 74.1638, 3.39, 50.2831),
(17, 281696, 62.7293, 4.00, 50.1834),
(17, 281697, 60.1100, 3.90, 46.8858),
(17, 283318, 62.7293, 4.20, 52.6926),
(17, 284409, 60.2195, 0.00, 0.0000),
(17, 294973, 60.1100, 4.10, 49.2902),
(18, 71223, 91.1388, 2.00, 36.4555),
(18, 71663, 89.0513, 4.60, 81.9272),
(18, 72108, 116.3922, 3.36, 78.2156),
(18, 72164, 92.4734, 3.49, 64.5464),
(18, 72449, 103.6207, 3.46, 71.7055),
(18, 72546, 107.7624, 3.56, 76.7268),
(18, 73255, 93.9707, 4.03, 75.7404),
(18, 73696, 97.4961, 3.76, 73.3171),
(18, 73730, 53.8801, 3.00, 32.3281),
(18, 73838, 90.0750, 4.62, 83.2293),
(18, 74205, 85.7073, 4.50, 77.1366),
(18, 74543, 90.0750, 4.04, 72.7806),
(18, 75340, 119.3624, 3.76, 89.7605),
(18, 75682, 131.1099, 2.92, 76.5682),
(18, 76156, 90.0750, 4.13, 74.4020),
(18, 76203, 66.8785, 3.70, 49.4901),
(18, 76290, 96.1728, 4.04, 77.7076),
(18, 78261, 85.7073, 5.00, 85.7073),
(18, 78310, 97.4961, 3.20, 62.3975),
(18, 79337, 85.7073, 4.66, 79.8792),
(18, 79689, 85.7073, 5.00, 85.7073),
(18, 79773, 70.5307, 3.70, 52.1927),
(18, 80337, 90.0750, 5.00, 90.0750),
(18, 80349, 90.0750, 4.36, 78.5454),
(18, 82283, 67.6314, 3.32, 44.9072),
(18, 82459, 70.5307, 4.50, 63.4776),
(18, 82716, 53.8801, 3.00, 32.3281),
(18, 83462, 110.5624, 2.51, 55.5023),
(18, 83602, 93.9707, 3.60, 67.6589),
(18, 84024, 91.1388, 4.00, 72.9110),
(18, 84912, 85.7073, 4.20, 71.9941),
(18, 84947, 53.8801, 3.75, 40.4101),
(18, 94571, 147.8258, 4.11, 121.5128),
(18, 95491, 67.6314, 2.08, 28.1347),
(18, 108611, 70.5307, 5.00, 70.5307),
(18, 124051, 78.3447, 4.05, 63.4592),
(18, 129261, 115.7351, 3.69, 85.4125),
(18, 134241, 105.7505, 3.91, 82.6969),
(18, 134511, 93.9707, 4.20, 78.9354),
(18, 146711, 80.7431, 3.77, 60.8803),
(18, 153021, 110.2870, 3.19, 70.3631),
(18, 161511, 64.9935, 4.42, 57.4543),
(18, 168151, 70.5307, 3.80, 53.6033),
(18, 175001, 55.8127, 3.72, 41.5246),
(18, 176941, 91.1388, 5.00, 91.1388),
(18, 193131, 55.8127, 3.67, 40.9665),
(18, 220411, 53.8801, 4.75, 51.1861),
(18, 247773, 53.8801, 2.50, 26.9401),
(18, 247897, 108.0617, 4.35, 94.0137),
(18, 248742, 70.5307, 4.50, 63.4776),
(18, 248835, 104.8245, 3.77, 79.0377),
(18, 248837, 67.4878, 2.44, 32.9340),
(18, 248841, 53.8801, 4.70, 50.6473),
(18, 248880, 53.8801, 3.00, 32.3281),
(18, 249598, 89.0513, 4.50, 80.1462),
(18, 249882, 53.8801, 3.00, 32.3281),
(18, 250487, 53.8801, 4.00, 43.1041),
(18, 251562, 94.2090, 4.30, 81.0197),
(18, 257655, 89.8559, 2.09, 37.5598),
(18, 258744, 70.5307, 4.50, 63.4776),
(18, 258959, 53.8801, 1.50, 16.1640),
(18, 259765, 113.5003, 4.07, 92.3892),
(18, 260315, 53.8801, 3.50, 37.7161),
(18, 260320, 85.7073, 4.50, 77.1366),
(18, 262980, 131.3259, 4.32, 113.4656),
(18, 264586, 53.8801, 3.80, 40.9489),
(18, 265766, 55.8127, 5.00, 55.8127),
(18, 265912, 91.1388, 2.40, 43.7466),
(18, 268156, 54.1676, 4.85, 52.5426),
(18, 268591, 53.8801, 2.50, 26.9401),
(18, 269602, 53.8801, 2.50, 26.9401),
(18, 269613, 111.2159, 2.47, 54.9407),
(18, 270439, 85.7073, 4.00, 68.5658),
(18, 270633, 85.7073, 4.50, 77.1366),
(18, 270915, 54.1676, 5.00, 54.1676),
(18, 272127, 78.5472, 1.59, 24.9780),
(18, 272644, 85.7073, 3.50, 59.9951),
(18, 273181, 105.1180, 4.50, 94.6062),
(18, 276564, 54.1676, 2.50, 27.0838),
(18, 277462, 54.1676, 0.70, 7.5835),
(18, 279121, 54.1676, 2.00, 21.6670),
(18, 279201, 70.5307, 5.00, 70.5307),
(18, 281535, 54.1676, 3.10, 33.5839),
(18, 281620, 54.1676, 4.80, 52.0009),
(18, 281662, 70.5307, 3.00, 42.3184),
(18, 281697, 54.1676, 3.90, 42.2507),
(18, 284409, 53.8801, 0.00, 0.0000),
(18, 294973, 54.1676, 4.10, 44.4174),
(19, 71223, 69.3530, 2.00, 27.7412),
(19, 71663, 65.8198, 4.60, 60.5542),
(19, 72108, 90.1437, 3.44, 62.0189),
(19, 72164, 76.1309, 3.19, 48.5715),
(19, 72449, 85.6207, 3.37, 57.7084),
(19, 72546, 87.5349, 3.53, 61.7996),
(19, 73696, 81.7136, 3.50, 57.1995),
(19, 73730, 54.3641, 3.00, 32.6185),
(19, 73800, 128.3904, 3.08, 79.0885),
(19, 73838, 87.8820, 4.62, 81.2030),
(19, 74205, 80.7017, 4.50, 72.6315),
(19, 74543, 92.1324, 4.13, 76.1014),
(19, 75340, 96.3796, 3.99, 76.9109),
(19, 75682, 102.0620, 3.01, 61.4413),
(19, 75930, 101.0673, 4.00, 80.8538),
(19, 76143, 106.8016, 2.39, 51.0512),
(19, 76156, 87.8820, 4.13, 72.5905),
(19, 76203, 61.7520, 4.20, 51.8717),
(19, 76290, 88.1388, 4.15, 73.1552),
(19, 78261, 80.7017, 5.00, 80.7017),
(19, 78310, 81.7136, 3.28, 53.6041),
(19, 79337, 80.7017, 4.66, 75.2140),
(19, 79349, 131.5032, 3.61, 94.9453),
(19, 79509, 61.7520, 3.40, 41.9914),
(19, 79689, 80.7017, 5.00, 80.7017),
(19, 79773, 68.8173, 3.70, 50.9248),
(19, 80337, 87.8820, 5.00, 87.8820),
(19, 80547, 108.4027, 2.38, 51.5997),
(19, 81189, 142.8334, 4.26, 121.6941),
(19, 82046, 61.7520, 2.00, 24.7008),
(19, 82283, 67.4885, 3.38, 45.6222),
(19, 82459, 88.0656, 4.19, 73.7990),
(19, 82716, 62.5148, 2.20, 27.5065),
(19, 83123, 80.9397, 3.00, 48.5638),
(19, 83462, 82.0778, 2.66, 43.6654),
(19, 83602, 78.7963, 3.65, 57.5213),
(19, 84024, 69.3530, 4.00, 55.4824),
(19, 84912, 97.5555, 3.70, 72.1911),
(19, 84947, 54.3641, 3.75, 40.7731),
(19, 95491, 67.4885, 2.09, 28.2102),
(19, 108611, 68.8173, 5.00, 68.8173),
(19, 121361, 161.1556, 3.30, 106.3627),
(19, 124051, 76.9783, 4.06, 62.5064),
(19, 129261, 111.2693, 4.19, 93.2437),
(19, 134241, 87.5349, 3.95, 69.1526),
(19, 134511, 83.9437, 4.37, 73.3668),
(19, 146711, 65.6737, 3.74, 49.1239),
(19, 153021, 100.4926, 3.94, 79.1882),
(19, 161511, 62.5148, 4.43, 55.3881),
(19, 168151, 68.8173, 3.80, 52.3011),
(19, 175001, 77.1619, 2.76, 42.5934),
(19, 176941, 69.3530, 5.00, 69.3530),
(19, 193131, 62.5148, 3.44, 43.0102),
(19, 205281, 61.7520, 2.60, 32.1110),
(19, 220411, 54.3641, 4.75, 51.6459),
(19, 247773, 54.3641, 2.50, 27.1821),
(19, 247897, 103.1527, 4.27, 88.0924),
(19, 248646, 61.7520, 1.20, 14.8205),
(19, 248741, 61.7520, 2.90, 35.8162),
(19, 248742, 68.8173, 4.50, 61.9356),
(19, 248835, 81.1097, 3.75, 60.8323),
(19, 248837, 67.4885, 2.50, 33.7443),
(19, 248841, 54.3641, 4.70, 51.1023),
(19, 248880, 54.3641, 3.00, 32.6185),
(19, 249598, 65.8198, 4.50, 59.2378),
(19, 249882, 62.5148, 2.49, 31.1324),
(19, 250487, 54.3641, 4.00, 43.4913),
(19, 251562, 74.9581, 4.30, 64.4640),
(19, 255316, 61.7520, 3.10, 38.2862),
(19, 257655, 84.8893, 2.28, 38.7095),
(19, 258171, 61.7520, 2.20, 27.1709),
(19, 258744, 68.8173, 4.50, 61.9356),
(19, 258959, 54.3641, 1.50, 16.3092),
(19, 259765, 88.5030, 4.06, 71.8644),
(19, 260315, 54.3641, 3.50, 38.0549),
(19, 260320, 80.7017, 4.50, 72.6315),
(19, 260338, 61.7520, 3.50, 43.2264),
(19, 262414, 61.7520, 1.60, 19.7606),
(19, 262980, 111.1129, 4.34, 96.4460),
(19, 264586, 54.3641, 3.80, 41.3167),
(19, 265766, 54.3641, 5.00, 54.3641),
(19, 265912, 73.4662, 2.48, 36.4392),
(19, 268591, 54.3641, 2.50, 27.1821),
(19, 269602, 54.3641, 2.50, 27.1821),
(19, 269613, 88.5030, 2.88, 50.9777),
(19, 269642, 61.7520, 3.10, 38.2862),
(19, 270439, 80.7017, 4.00, 64.5614),
(19, 270633, 80.7017, 4.50, 72.6315),
(19, 272127, 80.7017, 1.60, 25.8245),
(19, 272644, 82.5519, 3.42, 56.4655),
(19, 273181, 92.4967, 4.46, 82.5071),
(19, 279201, 68.8173, 5.00, 68.8173),
(19, 281662, 68.8173, 3.00, 41.2904),
(19, 284409, 54.3641, 0.00, 0.0000),
(20, 71223, 74.6301, 2.00, 29.8520),
(20, 72108, 91.6718, 3.36, 61.6034),
(20, 72164, 74.0307, 3.39, 50.1928),
(20, 72546, 80.5828, 3.17, 51.0895),
(20, 73255, 114.9211, 4.31, 99.0620),
(20, 73696, 81.1388, 3.50, 56.7972),
(20, 73730, 60.5708, 3.00, 36.3425),
(20, 73838, 97.7786, 4.52, 88.3919),
(20, 74205, 99.0662, 4.50, 89.1596),
(20, 75682, 100.0640, 2.83, 56.6362),
(20, 75930, 94.4074, 4.00, 75.5259),
(20, 76143, 102.5367, 2.54, 52.0886),
(20, 76203, 64.4637, 4.20, 54.1495),
(20, 78261, 99.0662, 5.00, 99.0662),
(20, 78310, 81.1388, 3.24, 52.5779),
(20, 79337, 99.0662, 4.66, 92.3297),
(20, 79509, 64.4637, 3.40, 43.8353),
(20, 79689, 99.0662, 5.00, 99.0662),
(20, 79773, 62.8778, 3.70, 46.5296),
(20, 80547, 103.1428, 2.40, 49.5085),
(20, 82046, 64.4637, 2.00, 25.7855),
(20, 82283, 67.7639, 3.90, 52.8558),
(20, 82459, 63.1779, 4.38, 55.3438),
(20, 82716, 68.9654, 2.36, 32.5517),
(20, 83123, 54.0177, 3.00, 32.4106),
(20, 83462, 89.5662, 2.70, 48.3657),
(20, 83602, 78.8424, 3.60, 56.7665),
(20, 84024, 74.6301, 4.00, 59.7041),
(20, 84912, 91.0665, 4.13, 75.2209),
(20, 95491, 67.7639, 2.23, 30.2227),
(20, 108611, 62.8778, 5.00, 62.8778),
(20, 129261, 92.5838, 3.79, 70.1785),
(20, 134241, 81.9789, 4.02, 65.9110),
(20, 134511, 85.9465, 4.31, 74.0859),
(20, 146711, 72.2830, 3.69, 53.3449),
(20, 153021, 90.4844, 3.48, 62.9771),
(20, 168151, 62.8778, 3.80, 47.7871),
(20, 175001, 63.6207, 3.34, 42.4986),
(20, 176941, 74.6301, 5.00, 74.6301),
(20, 193131, 70.3364, 3.50, 49.2355),
(20, 205281, 64.4637, 2.60, 33.5211),
(20, 220411, 60.5708, 4.75, 57.5423),
(20, 247773, 60.5708, 2.50, 30.2854),
(20, 248646, 64.4637, 1.20, 15.4713),
(20, 248741, 64.4637, 2.90, 37.3889),
(20, 248742, 62.8778, 4.50, 56.5900),
(20, 248835, 76.8175, 3.43, 52.6968),
(20, 248837, 69.2513, 2.43, 33.6561),
(20, 248841, 60.5708, 4.70, 56.9366),
(20, 248880, 60.5708, 3.00, 36.3425),
(20, 249598, 68.8430, 4.50, 61.9587),
(20, 250487, 60.5708, 4.00, 48.4566),
(20, 251562, 73.1407, 4.30, 62.9010),
(20, 255316, 64.4637, 3.10, 39.9675),
(20, 257655, 92.4086, 2.13, 39.3661),
(20, 258171, 64.4637, 2.20, 28.3640),
(20, 258744, 62.8778, 4.50, 56.5900),
(20, 258959, 60.5708, 1.50, 18.1712),
(20, 259765, 93.3314, 4.09, 76.3451),
(20, 260315, 60.5708, 3.50, 42.3996),
(20, 260320, 99.0662, 4.50, 89.1596),
(20, 260338, 64.4637, 3.50, 45.1246),
(20, 262414, 64.4637, 1.60, 20.6284),
(20, 262980, 122.4831, 4.43, 108.5200),
(20, 264586, 60.5708, 3.80, 46.0338),
(20, 265766, 61.9008, 5.00, 61.9008),
(20, 265912, 80.0438, 2.47, 39.5416),
(20, 268156, 54.6873, 4.85, 53.0467),
(20, 268591, 60.5708, 2.50, 30.2854),
(20, 269602, 60.5708, 2.50, 30.2854),
(20, 269613, 93.3314, 2.86, 53.3856),
(20, 269642, 64.4637, 3.10, 39.9675),
(20, 270915, 54.6873, 5.00, 54.6873),
(20, 272127, 91.5737, 1.59, 29.1204),
(20, 272644, 98.9800, 3.43, 67.9003),
(20, 276564, 54.6873, 2.50, 27.3437),
(20, 277462, 54.6873, 0.70, 7.6562),
(20, 279121, 54.6873, 2.00, 21.8749),
(20, 279201, 62.8778, 5.00, 62.8778),
(20, 281535, 54.6873, 3.10, 33.9061),
(20, 281620, 54.6873, 4.80, 52.4998),
(20, 281662, 62.8778, 3.00, 37.7267),
(20, 281697, 54.6873, 3.90, 42.6561),
(20, 284409, 60.5708, 0.00, 0.0000),
(20, 294973, 54.6873, 4.10, 44.8436),
(21, 71223, 91.5234, 2.00, 36.6094),
(21, 72108, 107.8991, 3.44, 74.2346),
(21, 72164, 89.2362, 3.11, 55.5049),
(21, 72449, 114.5860, 2.94, 67.3766),
(21, 72546, 90.4584, 3.23, 58.4361),
(21, 73696, 99.6576, 3.35, 66.7706),
(21, 73730, 77.3951, 3.00, 46.4371),
(21, 74205, 90.2774, 4.50, 81.2497),
(21, 75682, 122.9977, 2.85, 70.1087),
(21, 75897, 111.0118, 4.00, 88.8094),
(21, 75930, 88.7174, 4.00, 70.9739),
(21, 76203, 75.5829, 4.20, 63.4896),
(21, 78261, 90.2774, 5.00, 90.2774),
(21, 78310, 99.6576, 3.27, 65.1761),
(21, 79337, 90.2774, 4.66, 84.1385),
(21, 79509, 75.5829, 3.40, 51.3964),
(21, 79689, 90.2774, 5.00, 90.2774),
(21, 79773, 82.7628, 3.70, 61.2445),
(21, 80547, 123.6177, 2.99, 73.9234),
(21, 82046, 75.5829, 2.00, 30.2332),
(21, 83123, 81.8459, 3.00, 49.1075),
(21, 83462, 104.4243, 2.83, 59.1042),
(21, 95491, 92.5234, 2.23, 41.2654),
(21, 97371, 72.6998, 4.85, 70.5188),
(21, 108611, 82.7628, 5.00, 82.7628),
(21, 129261, 127.7137, 4.09, 104.4698),
(21, 134241, 90.2374, 4.04, 72.9118),
(21, 146711, 85.0720, 3.64, 61.9324),
(21, 168151, 82.7628, 3.80, 62.8997),
(21, 175001, 90.8182, 3.07, 55.7624),
(21, 193131, 86.6814, 3.42, 59.2901),
(21, 205281, 75.5829, 2.60, 39.3031),
(21, 220411, 77.3951, 4.75, 73.5253),
(21, 247773, 77.3951, 2.50, 38.6976),
(21, 248646, 75.5829, 1.20, 18.1399),
(21, 248837, 91.3837, 2.46, 44.9608),
(21, 248841, 77.3951, 4.70, 72.7514),
(21, 248880, 77.3951, 3.00, 46.4371),
(21, 249598, 72.6998, 4.50, 65.4298),
(21, 255316, 75.5829, 3.10, 46.8614),
(21, 258744, 82.7628, 4.50, 74.4865),
(21, 258959, 77.3951, 1.50, 23.2185),
(21, 259765, 109.9197, 4.11, 90.3540),
(21, 260320, 90.2774, 4.50, 81.2497),
(21, 260338, 75.5829, 3.50, 52.9080),
(21, 262414, 75.5829, 1.60, 24.1865),
(21, 263677, 90.2774, 4.40, 79.4441),
(21, 265766, 74.4708, 5.00, 74.4708),
(21, 265912, 97.4966, 2.48, 48.3583),
(21, 269602, 77.3951, 2.50, 38.6976),
(21, 269613, 109.9197, 2.88, 63.3137),
(21, 269642, 75.5829, 3.10, 46.8614),
(21, 270439, 108.7302, 4.10, 89.1588),
(21, 270915, 57.5576, 5.00, 57.5576),
(21, 272644, 96.6088, 3.38, 65.3075),
(21, 276564, 57.5576, 2.50, 28.7788),
(21, 277462, 57.5576, 0.70, 8.0581),
(21, 279201, 82.7628, 5.00, 82.7628),
(21, 281535, 57.5576, 3.10, 35.6857),
(21, 281697, 57.5576, 3.90, 44.8949),
(21, 284409, 77.3951, 0.00, 0.0000),
(21, 294973, 57.5576, 4.10, 47.1972),
(23, 70533, 68.8117, 3.60, 49.5444),
(23, 71663, 86.2271, 3.95, 68.1194),
(23, 72108, 103.0982, 3.41, 70.3130),
(23, 72164, 81.6573, 3.05, 49.8110),
(23, 72449, 98.0026, 3.05, 59.7816),
(23, 72546, 112.9241, 3.74, 84.4672),
(23, 73244, 79.4278, 4.77, 75.7741),
(23, 73255, 122.5956, 4.39, 107.6389),
(23, 73545, 68.8117, 3.77, 51.8840),
(23, 73696, 93.5598, 3.20, 59.8783),
(23, 73730, 68.7982, 3.00, 41.2789),
(23, 73800, 133.8448, 3.05, 81.6453),
(23, 73871, 68.8117, 4.00, 55.0494),
(23, 74845, 68.8117, 4.60, 63.3068),
(23, 75340, 132.0224, 3.75, 99.0168),
(23, 75397, 68.8117, 4.10, 56.4256),
(23, 75682, 132.4633, 3.27, 86.6310),
(23, 75710, 68.8117, 3.70, 50.9207),
(23, 75930, 91.7953, 4.00, 73.4362),
(23, 76107, 68.8117, 4.00, 55.0494),
(23, 76143, 96.6700, 2.77, 53.5552),
(23, 76203, 77.9849, 4.20, 65.5073),
(23, 77398, 68.8117, 3.70, 50.9207),
(23, 78310, 93.5598, 3.31, 61.9366),
(23, 79126, 68.8117, 4.90, 67.4355),
(23, 79168, 149.2078, 4.25, 126.8266),
(23, 79334, 68.8117, 4.75, 65.3711),
(23, 79337, 86.3832, 4.66, 80.5091),
(23, 79349, 150.7561, 3.71, 111.8610),
(23, 79509, 77.9849, 3.40, 53.0297),
(23, 79511, 68.8117, 3.70, 50.9207),
(23, 79689, 86.3832, 5.00, 86.3832),
(23, 80337, 113.2501, 4.91, 111.2116),
(23, 80348, 68.8117, 5.00, 68.8117),
(23, 80349, 152.4297, 4.01, 122.2486),
(23, 80379, 79.4278, 3.79, 60.2063),
(23, 81189, 159.6212, 4.50, 143.6591),
(23, 82066, 68.8117, 4.80, 66.0592),
(23, 82459, 98.6849, 4.08, 80.5269),
(23, 82696, 68.8117, 3.90, 53.6731),
(23, 82716, 92.5581, 2.36, 43.6874),
(23, 82825, 68.8117, 5.00, 68.8117),
(23, 83123, 78.6463, 3.00, 47.1878),
(23, 83462, 94.8052, 2.94, 55.7455),
(23, 84021, 68.8117, 4.44, 61.1048),
(23, 84024, 81.7563, 4.26, 69.6564),
(23, 84676, 68.8117, 4.30, 59.1781),
(23, 84946, 68.8117, 4.50, 61.9305),
(23, 84947, 88.1126, 4.41, 77.7153),
(23, 85040, 68.8117, 4.30, 59.1781),
(23, 94971, 68.8117, 3.80, 52.2969),
(23, 95731, 68.8117, 3.80, 52.2969),
(23, 97371, 65.8670, 4.85, 63.8910),
(23, 108611, 77.1010, 5.00, 77.1010),
(23, 129261, 119.4466, 4.12, 98.4240),
(23, 134231, 90.6886, 3.37, 61.1241),
(23, 134511, 110.0237, 4.44, 97.7010),
(23, 146711, 75.2191, 3.64, 54.7595),
(23, 153021, 117.5456, 3.98, 93.5663),
(23, 163531, 68.8117, 4.30, 59.1781),
(23, 164021, 68.8117, 3.50, 48.1682),
(23, 164091, 68.8117, 2.00, 27.5247),
(23, 168151, 77.1010, 3.80, 58.5968),
(23, 193131, 87.6262, 3.54, 62.0393),
(23, 205281, 77.9849, 2.60, 40.5521),
(23, 210841, 68.8117, 3.70, 50.9207),
(23, 220411, 68.7982, 4.75, 65.3583),
(23, 247773, 68.7982, 2.50, 34.3991),
(23, 247808, 160.6991, 3.86, 124.0597),
(23, 248646, 77.9849, 1.20, 18.7164),
(23, 248837, 87.0462, 2.42, 42.1304),
(23, 248841, 68.7982, 4.70, 64.6703),
(23, 248935, 68.8117, 3.80, 52.2969),
(23, 249598, 65.8670, 4.50, 59.2803),
(23, 249882, 102.7796, 1.73, 35.5617),
(23, 251562, 88.2837, 4.26, 75.2177),
(23, 253463, 68.8117, 4.85, 66.7473),
(23, 255326, 68.8117, 3.30, 45.4157),
(23, 255413, 68.8117, 4.15, 57.1137),
(23, 255888, 68.8117, 3.80, 52.2969),
(23, 256637, 68.8117, 4.20, 57.8018),
(23, 257655, 122.5570, 2.51, 61.5236),
(23, 258171, 84.4555, 2.60, 43.9169),
(23, 258744, 77.1010, 4.50, 69.3909),
(23, 258773, 68.8117, 3.90, 53.6731),
(23, 258823, 68.8117, 4.50, 61.9305),
(23, 258959, 68.7982, 1.50, 20.6395),
(23, 259057, 68.8117, 2.40, 33.0296),
(23, 260315, 77.3613, 3.60, 55.7001),
(23, 260320, 86.3832, 4.50, 77.7449),
(23, 260338, 77.9849, 3.50, 54.5894),
(23, 261802, 68.8117, 4.00, 55.0494),
(23, 262414, 77.9849, 1.60, 24.9552),
(23, 262980, 131.9057, 4.33, 114.2303),
(23, 263365, 68.8117, 4.10, 56.4256),
(23, 263677, 86.3832, 4.40, 76.0172),
(23, 264991, 68.8117, 3.60, 49.5444),
(23, 265766, 71.7836, 5.00, 71.7836),
(23, 265912, 88.8407, 2.51, 44.5980),
(23, 266091, 68.8117, 4.30, 59.1781),
(23, 267260, 68.8117, 4.00, 55.0494),
(23, 268156, 71.7933, 4.69, 67.3421),
(23, 268591, 77.3613, 3.00, 46.4168),
(23, 268592, 68.8117, 3.60, 49.5444),
(23, 269533, 68.8117, 4.20, 57.8018),
(23, 269602, 68.7982, 2.50, 34.3991),
(23, 269613, 106.0933, 3.10, 65.7778),
(23, 269642, 77.9849, 3.10, 48.3506),
(23, 269643, 68.8117, 4.70, 64.6830),
(23, 270019, 68.8117, 4.50, 61.9305),
(23, 270439, 92.7454, 4.13, 76.6077),
(23, 270915, 61.1447, 5.00, 61.1447),
(23, 272127, 93.1462, 2.26, 42.1021),
(23, 272644, 97.7731, 3.37, 65.8991),
(23, 273181, 125.4148, 4.58, 114.8800),
(23, 273690, 68.8117, 3.80, 52.2969),
(23, 274431, 68.8117, 4.60, 63.3068),
(23, 275278, 68.8117, 3.50, 48.1682),
(23, 276564, 61.1447, 2.50, 30.5724),
(23, 277165, 68.8117, 4.70, 64.6830),
(23, 277462, 61.1447, 0.70, 8.5603),
(23, 279121, 71.7933, 3.26, 46.8092),
(23, 279201, 77.1010, 5.00, 77.1010),
(23, 281535, 61.1447, 3.10, 37.9097),
(23, 281630, 68.8117, 4.70, 64.6830),
(23, 281662, 83.7995, 3.40, 56.9837),
(23, 281696, 68.8117, 4.00, 55.0494),
(23, 281697, 61.1447, 3.90, 47.6929),
(23, 283318, 68.8117, 4.20, 57.8018),
(23, 284409, 68.7982, 0.00, 0.0000),
(23, 294973, 61.1447, 4.10, 50.1387),
(24, 70327, 66.9480, 4.70, 62.9311),
(24, 70533, 73.8065, 3.60, 53.1407),
(24, 71223, 81.1629, 2.19, 35.5494),
(24, 71663, 106.7708, 3.90, 83.2812),
(24, 72108, 113.5113, 3.49, 79.2309),
(24, 72164, 104.3599, 3.07, 64.0770),
(24, 72173, 66.9480, 5.00, 66.9480),
(24, 72449, 108.8796, 2.99, 65.1100),
(24, 72546, 96.3306, 2.84, 54.7158),
(24, 73244, 94.1497, 4.81, 90.5720),
(24, 73255, 111.1923, 4.39, 97.6268),
(24, 73545, 73.8065, 3.77, 55.6501),
(24, 73696, 100.2513, 3.19, 63.9603),
(24, 73730, 85.3221, 3.00, 51.1933),
(24, 73800, 138.8260, 3.08, 85.5168),
(24, 73838, 130.0965, 4.44, 115.5257),
(24, 73871, 73.8065, 4.00, 59.0452),
(24, 74205, 81.5850, 4.38, 71.4685),
(24, 74543, 144.5404, 4.13, 119.3904),
(24, 74845, 73.8065, 4.60, 67.9020),
(24, 75397, 73.8065, 4.10, 60.5213),
(24, 75682, 112.2151, 2.71, 60.8206),
(24, 75710, 73.8065, 3.70, 54.6168),
(24, 75760, 177.6919, 4.56, 162.0550),
(24, 75853, 66.9480, 4.80, 64.2701),
(24, 75897, 89.2392, 4.00, 71.3914),
(24, 75930, 66.4956, 4.00, 53.1965),
(24, 76107, 73.8065, 4.00, 59.0452),
(24, 76143, 81.6186, 3.26, 53.2153),
(24, 76156, 135.1403, 4.41, 119.1937),
(24, 76203, 72.4506, 4.20, 60.8585),
(24, 77398, 73.8065, 3.70, 54.6168),
(24, 78261, 81.5850, 4.92, 80.2796),
(24, 78310, 100.2513, 3.38, 67.7699),
(24, 79126, 73.8065, 4.90, 72.3304),
(24, 79168, 122.6657, 4.79, 117.5137),
(24, 79334, 73.8065, 4.75, 70.1162),
(24, 79337, 76.6568, 4.66, 71.4441),
(24, 79349, 155.3418, 3.76, 116.8170),
(24, 79509, 72.4506, 3.40, 49.2664),
(24, 79511, 73.8065, 3.70, 54.6168),
(24, 79689, 76.6568, 5.00, 76.6568),
(24, 79773, 95.8746, 3.49, 66.9205),
(24, 80337, 129.3096, 4.89, 126.4648),
(24, 80348, 73.8065, 5.00, 73.8065),
(24, 80349, 138.2043, 4.14, 114.4332),
(24, 80379, 94.1497, 3.66, 68.9176),
(24, 81189, 151.0713, 4.58, 138.3813),
(24, 82046, 78.2082, 2.00, 31.2833),
(24, 82066, 73.8065, 4.80, 70.8542),
(24, 82283, 122.2636, 3.87, 94.6320),
(24, 82459, 100.7851, 4.20, 84.6595),
(24, 82467, 66.9480, 3.20, 42.8467),
(24, 82696, 73.8065, 3.90, 57.5691),
(24, 82716, 101.6196, 2.53, 51.4195),
(24, 82825, 73.8065, 5.00, 73.8065),
(24, 83462, 87.3563, 3.00, 52.4138),
(24, 83463, 79.1790, 3.40, 53.8417),
(24, 83602, 116.7681, 3.65, 85.2407),
(24, 84021, 73.8065, 4.44, 65.5402),
(24, 84024, 86.0734, 4.28, 73.6788),
(24, 84676, 73.8065, 4.30, 63.4736),
(24, 84912, 92.6244, 4.36, 80.7685),
(24, 84946, 73.8065, 4.50, 66.4259),
(24, 84947, 111.2883, 4.39, 97.7111),
(24, 85040, 73.8065, 4.30, 63.4736),
(24, 94571, 159.8340, 4.29, 137.1376),
(24, 94971, 73.8065, 3.80, 56.0929),
(24, 95011, 66.9480, 3.00, 40.1688),
(24, 95021, 79.1790, 2.71, 42.9150),
(24, 95491, 112.8002, 2.18, 49.1809),
(24, 95731, 73.8065, 3.80, 56.0929),
(24, 108611, 96.2404, 5.00, 96.2404),
(24, 121361, 188.3227, 3.81, 143.5019),
(24, 124051, 128.9444, 3.70, 95.4189),
(24, 129261, 122.7726, 3.91, 96.0082);
INSERT INTO `suggestions` (`membre_id`, `serie_id`, `nombre`, `note`, `fyns`) VALUES
(24, 134231, 86.4955, 3.39, 58.6439),
(24, 134241, 101.2449, 4.05, 82.0084),
(24, 134511, 119.9781, 4.46, 107.0205),
(24, 146711, 96.3931, 3.63, 69.9814),
(24, 148581, 66.9480, 3.10, 41.5078),
(24, 153021, 109.2877, 3.44, 75.1899),
(24, 158661, 79.1790, 2.93, 46.3989),
(24, 159591, 79.1790, 4.64, 73.4781),
(24, 161511, 126.3183, 4.49, 113.4338),
(24, 163531, 73.8065, 4.30, 63.4736),
(24, 164021, 73.8065, 3.50, 51.6646),
(24, 164091, 73.8065, 2.00, 29.5226),
(24, 164301, 79.1790, 3.34, 52.8916),
(24, 168151, 96.2404, 3.80, 73.1427),
(24, 175001, 87.9078, 2.82, 49.5800),
(24, 176941, 92.2544, 4.95, 91.3319),
(24, 182061, 66.9480, 2.40, 32.1350),
(24, 193131, 91.8475, 3.23, 59.3335),
(24, 205281, 72.4506, 2.60, 37.6743),
(24, 206751, 79.1790, 3.43, 54.3168),
(24, 210841, 73.8065, 3.70, 54.6168),
(24, 211751, 79.1790, 3.75, 59.3843),
(24, 220411, 85.3221, 4.75, 81.0560),
(24, 229981, 66.9480, 2.00, 26.7792),
(24, 247808, 142.7071, 4.29, 122.4427),
(24, 248646, 72.4506, 1.20, 17.3881),
(24, 248682, 66.9480, 3.60, 48.2026),
(24, 248736, 79.1790, 2.99, 47.3490),
(24, 248741, 89.6646, 3.53, 63.3032),
(24, 248742, 105.1493, 4.04, 84.9606),
(24, 248835, 92.9949, 3.03, 56.3549),
(24, 248837, 109.5139, 2.50, 54.7570),
(24, 248841, 85.3221, 4.70, 80.2028),
(24, 248880, 87.9078, 2.36, 41.4925),
(24, 248935, 73.8065, 3.80, 56.0929),
(24, 249882, 120.0673, 1.65, 39.6222),
(24, 250487, 98.1664, 3.84, 75.3918),
(24, 251562, 97.3014, 4.26, 82.9008),
(24, 253463, 73.8065, 4.85, 71.5923),
(24, 255316, 78.2082, 3.06, 47.8634),
(24, 255326, 73.8065, 3.30, 48.7123),
(24, 255413, 73.8065, 4.15, 61.2594),
(24, 256637, 73.8065, 4.20, 61.9975),
(24, 257655, 136.8406, 2.62, 71.7045),
(24, 258171, 83.1187, 2.71, 45.0503),
(24, 258744, 96.2404, 4.50, 86.6164),
(24, 258773, 73.8065, 3.90, 57.5691),
(24, 258823, 73.8065, 4.50, 66.4259),
(24, 258959, 85.3221, 1.50, 25.5966),
(24, 259057, 73.8065, 2.40, 35.4271),
(24, 259765, 113.1388, 4.02, 90.9636),
(24, 260315, 92.8184, 3.58, 66.4580),
(24, 260320, 76.6568, 4.50, 68.9911),
(24, 260338, 72.4506, 3.50, 50.7154),
(24, 261557, 66.9480, 4.70, 62.9311),
(24, 261802, 73.8065, 4.00, 59.0452),
(24, 262414, 72.4506, 1.60, 23.1842),
(24, 262980, 142.9533, 4.26, 121.7962),
(24, 263365, 73.8065, 4.10, 60.5213),
(24, 263677, 76.6568, 4.40, 67.4580),
(24, 264586, 98.1664, 3.64, 71.4651),
(24, 264991, 73.8065, 3.60, 53.1407),
(24, 265766, 85.3221, 5.00, 85.3221),
(24, 265912, 85.1026, 2.49, 42.3811),
(24, 266091, 73.8065, 4.30, 63.4736),
(24, 267260, 73.8065, 4.00, 59.0452),
(24, 268156, 73.8065, 4.60, 67.9020),
(24, 268591, 92.8184, 2.90, 53.8347),
(24, 268592, 73.8065, 3.60, 53.1407),
(24, 269533, 73.8065, 4.20, 61.9975),
(24, 269578, 66.9480, 2.70, 36.1519),
(24, 269602, 85.3221, 2.50, 42.6611),
(24, 269613, 107.2879, 2.98, 63.9436),
(24, 269642, 72.4506, 3.10, 44.9194),
(24, 269643, 73.8065, 4.70, 69.3781),
(24, 270019, 73.8065, 4.50, 66.4259),
(24, 270439, 96.5557, 4.08, 78.7895),
(24, 270633, 111.7057, 4.55, 101.6522),
(24, 272127, 86.4955, 2.72, 47.0536),
(24, 272644, 85.5247, 3.36, 57.4726),
(24, 273181, 126.7628, 4.66, 118.1429),
(24, 273690, 73.8065, 3.80, 56.0929),
(24, 274431, 73.8065, 4.60, 67.9020),
(24, 275278, 73.8065, 3.50, 51.6646),
(24, 277165, 73.8065, 4.70, 69.3781),
(24, 279121, 73.8065, 4.00, 59.0452),
(24, 279201, 96.2404, 5.00, 96.2404),
(24, 281485, 79.1790, 4.14, 65.5602),
(24, 281620, 79.1790, 4.62, 73.1614),
(24, 281630, 73.8065, 4.70, 69.3781),
(24, 281662, 100.7851, 3.34, 67.3244),
(24, 281696, 73.8065, 4.00, 59.0452),
(24, 283318, 73.8065, 4.20, 61.9975),
(24, 284409, 85.3221, 0.00, 0.0000);

--
-- Index pour les tables exportées
--

--
-- Index pour la table `membres`
--
ALTER TABLE `membres`
  ADD PRIMARY KEY (`id`),
  ADD UNIQUE KEY `ind_pseudo` (`pseudo`);

--
-- Index pour la table `membres_series`
--
ALTER TABLE `membres_series`
  ADD PRIMARY KEY (`membres_id`,`series_id`),
  ADD KEY `fk_series_id` (`series_id`);

--
-- Index pour la table `membre_membres`
--
ALTER TABLE `membre_membres`
  ADD PRIMARY KEY (`membre1`,`membre2`),
  ADD KEY `fk_membres2_id` (`membre2`);

--
-- Index pour la table `series`
--
ALTER TABLE `series`
  ADD PRIMARY KEY (`id`,`Langue`),
  ADD KEY `id` (`id`),
  ADD FULLTEXT KEY `ind_series` (`nom`);

--
-- Index pour la table `suggestions`
--
ALTER TABLE `suggestions`
  ADD PRIMARY KEY (`membre_id`,`serie_id`);

--
-- AUTO_INCREMENT pour les tables exportées
--

--
-- AUTO_INCREMENT pour la table `membres`
--
ALTER TABLE `membres`
  MODIFY `id` int(11) unsigned NOT NULL AUTO_INCREMENT,AUTO_INCREMENT=25;
--
-- Contraintes pour les tables exportées
--

--
-- Contraintes pour la table `membres_series`
--
ALTER TABLE `membres_series`
  ADD CONSTRAINT `fk_membres_id` FOREIGN KEY (`membres_id`) REFERENCES `membres` (`id`);

--
-- Contraintes pour la table `membre_membres`
--
ALTER TABLE `membre_membres`
  ADD CONSTRAINT `fk_membres1_id` FOREIGN KEY (`membre1`) REFERENCES `membres` (`id`),
  ADD CONSTRAINT `fk_membres2_id` FOREIGN KEY (`membre2`) REFERENCES `membres` (`id`);

/*!40101 SET CHARACTER_SET_CLIENT=@OLD_CHARACTER_SET_CLIENT */;
/*!40101 SET CHARACTER_SET_RESULTS=@OLD_CHARACTER_SET_RESULTS */;
/*!40101 SET COLLATION_CONNECTION=@OLD_COLLATION_CONNECTION */;
